name,platform,price,discount,normal,rating,total
"Marvel's Spider-Man",PS4,$40.19,33,$59.99,4.83,10035
"Destiny 2: Forsaken",PS4,$29.99,25,$39.99,4.54,2163
"Marvel's Spider-Man Digital Deluxe Edition",PS4,$49.59,38,$79.99,4.86,4001
"NBA 2K19 20th Anniversary Edition",PS4,$49.99,50,$99.99,4.44,2860
"NBA 2K19",PS4,$29.99,50,$59.99,4.11,3084
"Destiny 2: Forsaken - Digital Deluxe Edition",PS4,$67.99,15,$79.99,4.79,1055
"Destiny 2: Forsaken - Legendary Collection",PS4,$35.99,40,$59.99,3.94,2860
"Battlefield™ V",PS4,$29.99,50,$59.99,4.09,1066
"Madden NFL 19",PS4,$23.99,60,$59.99,3.25,655
"Grand Theft Auto V",PS4,$14.99,50,$29.99,4.69,159369
Thief,PS4,$2.99,85,$19.99,4.05,6957
"Fortnite - Standard Founder’s Pack",PS4,$19.99,50,$39.99,,
"EA SPORTS™ UFC® 3",PS4,$17.99,70,$59.99,3.35,837
"Prey: Digital Deluxe Edition",PS4,$19.99,50,$39.99,5,12
"Call of Duty®: Black Ops 4",PS4,$38.99,35,$59.99,4.38,8165
"Grim Fandango Remastered",PS4,$3.74,75,$14.99,4.4,12828
"Destiny 2: Forsaken + Annual Pass",PS4,$59.49,15,$69.99,4.57,349
"Assassin’s Creed® Origins",PS4,$23.99,60,$59.99,4.68,3972
"MURDERED: SOUL SUSPECT™ '",PS4,$1.99,90,$19.99,4.12,2707
"Call of Duty®: Black Ops 4 - Digital Deluxe",PS4,$84.99,15,$99.99,4.71,1782
"Human: Fall Flat - Total Bob Bundle",PS4,$5.99,60,$14.99,4.45,47
"Lords of the Fallen Complete Edition",PS4,$4.49,85,$29.99,4.48,166
"Assassin’s Creed® IV Black Flag™",PS4,$20.09,33,$29.99,4.67,18377
"Horizon Zero Dawn: Complete Edition",PS4,$13.39,33,$19.99,4.85,2860
"Assassin’s Creed® Origins Gold Edition",PS4,$49.99,50,$99.99,4.93,100
"DRAGON BALL FIGHTERZ",PS4,$29.99,50,$59.99,4.73,4303
"Beholder Complete Edition",PS4,$2.99,80,$14.99,4.54,13
"Assassin’s Creed® Origins Deluxe Edition",PS4,$27.99,60,$69.99,4.84,25
"GTA Online: Criminal Enterprise Starter Pack",PS4,$19.49,35,$29.99,,
"God of War® Collection",PS3,$2.24,85,$14.99,4.84,790
"AER - Memories of Old",PS4,$5.99,60,$14.99,4.18,40
"Rocket League®",PS4,$9.99,50,$19.99,4.7,133532
"Blood Bowl® 2: Legendary Edition",PS4,$11.24,75,$44.99,4,19
"FINAL FANTASY XV ROYAL EDITION",PS4,$24.99,50,$49.99,4.56,552
"The Last Of Us™",PS3,$3.99,60,$9.99,4.88,16774
"ARCADE GAME SERIES 3-in-1 Pack",PS4,$2.79,65,$7.99,4.56,343
"TALES OF BERSERIA",PS4,$14.99,75,$59.99,4.83,989
"Full Throttle Remastered",PS4,$8.24,45,$14.99,4.76,627
"DRAGON BALL XENOVERSE 2 - Super Pass",PS4,$9.89,67,$29.99,4.5,4267
"Destiny 2: Forsaken - Complete Collection",PS4,$69.99,30,$99.99,4.85,53
"God of War: Ascension™",PS3,$1.49,85,$9.99,4.48,5295
"L.A. Noire",PS4,$19.99,50,$39.99,4.79,911
"Tokyo Xanadu eX+",PS4,$23.99,60,$59.99,4.76,71
"Digimon World: Next Order",PS4,$14.99,75,$59.99,4.44,586
"Trials Fusion: Awesome MAX Edition",PS4,$11.99,70,$39.99,4.59,203
"Real Farm",PS4,$7.99,80,$39.99,2.27,22
"Catlateral Damage",PS4,$2.99,70,$9.99,3.99,797
"Human: Fall Flat",PS4,$5.99,60,$14.99,4.23,2986
"Caladrius Blaze",PS4,$4.49,85,$29.99,4.69,222
"DISGAEA 5: ALLIANCE OF VENGEANCE",PS4,$20.99,30,$29.99,4.86,1987
"FIFA 19",PS4,$23.99,60,$59.99,4.16,1498
"Madden NFL 19:  Hall of Fame Edition",PS4,$31.99,60,$79.99,,
"MLB® The Show™ 16",PS3,$9.99,50,$19.99,4.2,613
"Yomawari: Midnight Shadows",PS4,$13.99,30,$19.99,4.88,25
"ARCADE GAME SERIES: PAC-MAN",PS4,$1.59,60,$3.99,4.38,201
"MLB® The Show™ 18",PS4,$12.99,35,$19.99,4.11,637
"Horzine Supply Crate Key",PS4,$1.49,40,$2.49,,
"Digimon Story: Cyber Sleuth - Hacker's Memory",PS4,$41.99,30,$59.99,4.55,89
"Jak and Daxter Collection™",PS3,$3.99,60,$9.99,4.89,1662
"Bubsy: The Woolies Strike Back",PS4,$5.99,70,$19.99,3.86,57
"Lara Croft GO",PS4,$2.49,75,$9.99,4.5,418
"ARCADE GAME SERIES: Ms. PAC-MAN",PS4,$1.59,60,$3.99,4.32,764
"DARK SOULS™ III - Deluxe Edition",PS4,$25.49,70,$84.99,4.9,1137
"Deus Ex: Human Revolution - Director's Cut",PS3,$5.09,83,$29.99,4.87,281
"DISGAEA 5: ALLIANCE OF VENGEANCE Season Pass",PS4,$13.99,30,$19.99,4.93,618
"Fortnite - Deluxe Founder’s Pack",PS4,$29.99,50,$59.99,,
"LittleBigPlanet™ 3",PS3,$3.99,60,$9.99,4.61,3023
"The Golf Club 2019 featuring PGA TOUR",PS4,$29.99,40,$49.99,3.7,79
"The Last Of Us™ Remastered ",PS4,$15.99,20,$19.99,4.8,174368
"Trine 3: The Artifacts of Power",PS4,$5.49,75,$21.99,4.51,803
"Dead Alliance™",PS4,$9.99,75,$39.99,3.04,129
"Lara Croft and the Temple of Osiris & Season Pass Pack",PS4,$4.34,85,$28.99,4.7,223
"Shantae: Risky's Revenge - Director's Cut",PS4,$5.49,45,$9.99,4.57,1309
"TOM CLANCY’S RAINBOW SIX® SIEGE",PS4,$14.99,70,$49.99,4.47,44169
UNO®,PS4,$4.99,50,$9.99,4.15,1522
"Red Dead Redemption 2:  Ultimate Edition",PS4,$89.99,10,$99.99,4.88,2739
"Dead by Daylight: Special Edition",PS4,$11.99,60,$29.99,4.35,9508
"EA SPORTS™ NHL® 19",PS4,$23.99,60,$59.99,3.35,497
"Assassin’s Creed®IV Black Flag™ Gold Edition",PS4,$24.99,50,$49.99,4.84,778
"Everybody's Golf - Akigase Keikoku Country Club",PS4,$3.24,50,$6.49,3.75,8
Fe,PS4,$4.99,75,$19.99,4.52,83
"Mortal Kombat XL",PS4,$4.99,75,$19.99,4.63,8029
"Rocket League® - Revenge of the Battle-Cars DLC Pack",PS4,$1.99,50,$3.99,4.4,1533
"Shantae: Friends to the End",PS4,$3.99,50,$7.99,3.33,12
"Worms™ Battlegrounds ",PS4,$6.24,75,$24.99,4.17,5194
"NBA LIVE 19: THE ONE EDITION",PS4,$9.99,75,$39.99,4.33,177
"Saban's Mighty Morphin Power Rangers: Mega Battle",PS4,$5.99,60,$14.99,4.3,638
"Torment: Tides of Numenera",PS4,$14.99,70,$49.99,4.28,173
"WipEout Omega Collection",PS4,$5.99,70,$19.99,4.78,844
"Fallout 76 Tricentennial Edition",PS4,$51.99,35,$79.99,4.76,527
"God of War",PS4,$25.99,35,$39.99,4.85,10866
"NARUTO SHIPPUDEN: Ultimate Ninja STORM Trilogy",PS4,$19.99,50,$39.99,4.72,542
"The Elder Scrolls® Online: 1500 Crowns",PS4,$10.49,30,$14.99,,
"Touhou Genso Rondo: Bullet Ballet",PS4,$4.99,75,$19.99,4.52,127
"DRAGON BALL XENOVERSE 2",PS4,$19.79,67,$59.99,4.66,6907
"Metal Gear™ Solid (PS3™/PSP®)",PS3,$4.99,50,$9.99,4.93,12434
"NARUTO SHIPPUDEN: Ultimate Ninja STORM Legacy",PS4,$34.99,50,$69.99,4.86,90
"PRO EVOLUTION SOCCER 2019 STANDARD EDITION",PS4,$29.99,50,$59.99,4.25,142
"Rocket League® - Batman v Superman: Dawn of Justice Car Pack",PS4,$0.99,50,$1.99,4.22,5724
"ZONE OF THE ENDERS: The 2nd Runner - M∀RS",PS4,$14.99,50,$29.99,4.98,81
"Fallout 76",PS4,$40.19,33,$59.99,3.43,2239
"Rocket League® - DC Super Heroes DLC Pack",PS4,$1.99,50,$3.99,3.91,1154
"Shadow of the Tomb Raider - Croft Edition",PS4,$44.99,50,$89.99,4.74,215
"Spyro™ Reignited Trilogy",PS4,$29.99,25,$39.99,4.82,1096
"Warhammer 40,000: Inquisitor - Martyr | Season pass",PS4,$17.99,40,$29.99,2.94,18
"JoJo's Bizarre Adventure: Eyes of Heaven Bundle",PS4,$14.99,75,$59.99,4.66,1301
"Overwatch® Legendary Edition",PS4,$29.99,50,$59.99,4.19,962
"The Elder Scrolls® Online: 3000 Crowns",PS4,$17.49,30,$24.99,,
"The Elder Scrolls® Online: 5500 Crowns",PS4,$27.99,30,$39.99,,
"WRC 7 FIA World Rally Championship",PS4,$14.99,70,$49.99,4.11,64
"Castlevania: SotN (PSOne Classic)",PSP,$4.99,50,$9.99,4.88,10920
"Rocket League® - Jurassic World™ Car Pack",PS4,$0.99,50,$1.99,3.95,362
Zotrix,PS4,$1.99,80,$9.99,2.86,133
"Call of Duty®: Black Ops II Season Pass",PS3,$19.99,60,$49.99,4.56,26194
"Day of the Tentacle Remastered",PS4,$4.49,70,$14.99,4.08,2900
"EA SPORTS™ UFC® 3 Deluxe Edition",PS4,$19.99,75,$79.99,,
"GOD EATER: Resurrection",PS4,$4.99,75,$19.99,4.73,2715
"Lara Croft and the Temple of Osiris",PS4,$3.99,80,$19.99,4.2,16127
"Persona 5",PS3,$14.99,50,$29.99,4.91,1146
"Tom Clancy's Rainbow Six® Siege Advanced Edition",PS4,$17.99,70,$59.99,,
"DARIUSBURST Chronicle Saviours",PS4,$20.99,65,$59.99,4.69,488
"Goat Simulator",PS3,$2.49,75,$9.99,4.63,2831
"Little Nightmares Secrets of The Maw Expansion Pass",PS4,$4.99,50,$9.99,4.51,2133
Valley,PS4,$2.99,85,$19.99,4.37,304
"Batman: Return to Arkham",PS4,$7.99,60,$19.99,4.76,1949
"Call of Duty®: Black Ops 4 - Digital Deluxe Enhanced",PS4,$109.19,16,$129.99,4.84,461
"Call of Duty®: Black Ops III",PS3,$19.99,60,$49.99,3.9,6534
"Call of Duty®: Modern Warfare 2® with Stimulus Package",PS3,$7.99,60,$19.99,4.61,989
"Crash Bandicoot™ N. Sane Trilogy",PS4,$19.99,50,$39.99,4.73,11014
"Fallout 4",PS4,$14.99,50,$29.99,4.75,40192
"Mrs. Foster",PS4,$5.99,40,$9.99,4.41,34
"The Bridge",PS4,$1.89,81,$9.99,4.32,504
"Yu-Gi-Oh! GX: Leaders",PS4,$1.99,60,$4.99,4.61,61
"Batman™: Arkham Knight Premium Edition",PS4,$13.99,65,$39.99,4.88,1854
"Goat Simulator: GoatZ",PS4,$1.24,75,$4.99,4.21,1506
"NARUTO SHIPPUDEN™: Ultimate Ninja® STORM 4 ROAD TO BORUTO Pack",PS4,$9.99,50,$19.99,4.45,1035
"Saint Seiya Soldiers' Soul",PS4,$14.99,75,$59.99,4.73,1872
TerraTech,PS4,$17.49,30,$24.99,4.58,50
"The Crew® 2",PS4,$19.79,67,$59.99,4.03,311
"The Elder Scrolls V: Skyrim Special Edition",PS4,$23.99,40,$39.99,4.82,12201
"Danganronpa 1•2 Reload",PS4,$19.99,50,$39.99,4.85,195
"For Honor Marching Fire Expansion",PS4,$20.09,33,$29.99,4.22,324
"Gang Beasts",PS4,$15.99,20,$19.99,4.18,5854
"Grand Theft Auto Online Megalodon Shark Cash Card",PS4,$84.99,15,$99.99,,
"Grand Theft Auto V: Premium Online Edition",PS4,$14.99,75,$59.99,,
"METAL GEAR SOLID V: THE PHANTOM PAIN - Costume & Tack Pack ",PS4,$2.49,50,$4.99,4.74,1107
"Overcooked! 2",PS4,$17.49,30,$24.99,4.74,140
"Red Dead Redemption 2:  Special Edition",PS4,$69.59,13,$79.99,4.94,1435
"RUGBY 18",PS4,$11.99,80,$59.99,3.88,8
"Tales of Zestiria",PS4,$14.99,75,$59.99,4.64,2465
"BEYOND: Two Souls™",PS3,$3.99,60,$9.99,4.57,676
"Death's Gambit",PS4,$11.99,40,$19.99,3.9,300
DOOM,PS4,$14.99,25,$19.99,4.73,10609
"Hitman GO: Definitive Edition",PS4,$1.99,75,$7.99,4.43,981
"NARUTO SHIPPUDEN™: Ultimate Ninja® STORM 4 ROAD TO BORUTO",PS4,$24.99,50,$49.99,4.79,887
"Project CARS 2",PS4,$20.39,66,$59.99,3.82,617
"Uncharted 4: A Thief’s End ",PS4,$15.99,20,$19.99,4.88,23896
"Yu-Gi-Oh! ARC-V: Declan vs Celina",PS4,$1.99,60,$4.99,4.38,48
"Call of Duty®: Black Ops™ with First Strike",PS3,$19.99,50,$39.99,4.55,1275
"Call of Duty®: Ghosts Gold Edition",PS3,$17.99,60,$44.99,4.52,1139
"Call of Duty®: Modern Warfare 3 With DLC Collection 1",PS3,$14.99,50,$29.99,4.5,1033
"DARK SOULS™ III",PS4,$14.99,75,$59.99,4.8,16716
"DRAGON BALL FIGHTERZ - FighterZ Edition",PS4,$56.99,40,$94.99,4.79,476
"Little Dragons Café",PS4,$23.99,60,$59.99,4.43,7
"Outcast – Second Contact Digital Deluxe Edition",PS4,$13.49,70,$44.99,2.8,5
"Trine 2: Complete Story",PS4,$2.99,85,$19.99,4.35,18997
"Bloodborne™ The Old Hunters",PS4,$6.99,65,$19.99,4.85,12295
"Call of Duty: Black Ops II and Season Pass Bundle",PS3,$29.59,63,$79.99,4.62,428
"Card Game Bundle Vol.1",PS4,$4.79,80,$23.99,4.75,4
"Horzine Mark 7 Suit Bundle",PS4,$2.99,40,$4.99,4.72,177
"Metal Gear Online Expansion Pack 'Cloaked in Silence'",PS4,$1.99,50,$3.99,4.65,610
"Pure Pool",PS4,$3.99,60,$9.99,4.4,4804
"Shenmue I & II",PS4,$19.79,34,$29.99,4.8,242
"theHunter: Call of the Wild",PS4,$20.99,30,$29.99,4.54,1526
"The Sims™ 4",PS4,$9.99,75,$39.99,4.19,2260
"The Sims™ 4 Cats & Dogs",PS4,$19.99,50,$39.99,4.55,107
"Battlefield™ 1",PS4,$3.99,80,$19.99,4.55,13368
"Cladun Returns: This Is Sengoku!",PS4,$12.99,35,$19.99,4.13,16
"Cladun Returns: This Is Sengoku!","PS Vita",$12.99,35,$19.99,,
"Demon's Souls",PS3,$9.99,50,$19.99,4.7,7570
"Dying Light",PS4,$13.99,30,$19.99,4.67,22194
"GTAV: Premium Online Edition & Great White Shark Card",PS4,$19.71,71,$67.99,,
"Hello Neighbor",PS4,$8.99,70,$29.99,4.03,211
"Life is Strange: Before the Storm Deluxe Upgrade",PS4,$2.99,70,$9.99,4.61,2455
Machinarium,PS4,$2.49,75,$9.99,4.63,230
"PAC-MAN™ CHAMPIONSHIP EDITION 2",PS4,$4.54,65,$12.99,4.4,452
"Rocket League® - Masamune",PS4,$0.99,50,$1.99,4.28,2225
"The Witch and the Hundred Knight 2",PS4,$19.99,60,$49.99,4.64,11
"Toybox Turbos",PS3,$3.74,75,$14.99,4.42,88
"Yu-Gi-Oh! ARC-V: Jack Atlas vs Yuya",PS4,$1.99,60,$4.99,4.53,30
"Accel World VS Sword Art Online",PS4,$23.99,60,$59.99,4.58,213
"Batman™: Arkham VR",PS4,$11.99,40,$19.99,4.19,920
"Diablo III: Rise of the Necromancer",PS4,$8.99,40,$14.99,4.37,3945
"Grand Theft Auto V & Great White Shark Cash Card Bundle",PS4,$14.99,70,$49.99,,
"Hatsune Miku: Project DIVA X",PS4,$19.79,34,$29.99,4.75,401
"Ironclad Tactics",PS4,$2.99,80,$14.99,4.01,200
"Little Nightmares Complete Edition",PS4,$11.99,60,$29.99,4.86,69
"Need for Speed™ Payback",PS4,$11.99,70,$39.99,4.06,4174
"Silent Hill™ (PS3™/PSP®)",PS3,$2.99,50,$5.99,4.76,7340
"Sword Art Online Re: Hollow Fragment",PS4,$4.99,75,$19.99,4.61,10160
"The Elder Scrolls® Online: Summerset™ Upgrade",PS4,$14.99,50,$29.99,4.44,82
"Utawarerumono: Mask of Deception and Truth Bundle",PS4,$24.99,50,$49.99,5,1
"Alien: Isolation",PS4,$8.99,70,$29.99,4.56,7731
"Cities: Skylines - PlayStation®4 Edition",PS4,$15.99,60,$39.99,4.54,947
"D.A.R. Assault Bundle",PS4,$2.99,40,$4.99,4.5,14
"Darkest Dungeon®",PS4,$8.24,67,$24.99,4.7,2703
"Impact Winter",PS4,$4.99,75,$19.99,4.36,11
"Just Cause 3: Reaper Missile Mech",PS4,$1.49,70,$4.99,4.55,557
"Life is Strange: Before the Storm Complete Season",PS4,$5.09,70,$16.99,4.77,409
"Outcast - Second Contact",PS4,$11.99,70,$39.99,3.82,17
"Rocket League® - Supersonic Fury DLC Pack",PS4,$1.99,50,$3.99,4.39,5667
"Shantae: Pirate Queen's Quest",PS4,$4.99,50,$9.99,4.82,38
"SWORD ART ONLINE: FATAL BULLET",PS4,$29.99,50,$59.99,4.71,557
"Assassin's Creed® Odyssey",PS4,$29.99,50,$59.99,4.61,1109
"Carnival Games® VR",PS4,$4.99,75,$19.99,3.87,323
"Dragon Ball Xenoverse",PS4,$13.19,67,$39.99,4.57,24928
"Fallout 4: Nuka-World",PS4,$11.99,40,$19.99,4.65,8417
"Fire Pro Wrestling World",PS4,$29.99,40,$49.99,4.89,66
"Goat Simulator: The GOATY",PS4,$6.24,75,$24.99,4.36,25
"GRID 2 Reloaded",PS3,$9.99,75,$39.99,4.45,76
"GRID Autosport",PS3,$7.49,75,$29.99,4.54,917
"GUNDAM VERSUS",PS4,$19.79,67,$59.99,4.51,678
"Just Cause 4 - Gold Edition",PS4,$67.49,25,$89.99,4.77,70
"Lara Croft and the Temple of Osiris Season Pass",PS4,$1.49,85,$9.99,4.66,171
"METAL GEAR SURVIVE",PS4,$14.99,50,$29.99,4.02,652
Necropolis,PS4,$7.49,75,$29.99,4.06,254
"Rise & Shine",PS4,$5.99,60,$14.99,3.85,94
"Rocket League® – Fast & Furious™ '99 Nissan Skyline GT-R R34",PS4,$0.99,50,$1.99,3.95,1615
"Shadow of the Tomb Raider - Digital Deluxe Edition",PS4,$34.99,50,$69.99,4.7,64
"Suikoden®II (PSOne Classic)",PS3,$4.99,50,$9.99,4.96,2515
"Surviving Mars",PS4,$17.99,40,$29.99,3.85,94
"Yu-Gi-Oh! ARC-V Sora and Dipper",PS4,$1.99,60,$4.99,4.59,73
"428: Shibuya Scramble",PS4,$29.99,40,$49.99,5,7
"DARK SOULS™ III - Season Pass",PS4,$12.49,50,$24.99,4.84,4487
"Dragon Age™ II",PS3,$3.99,80,$19.99,4.61,1591
"GOD WARS Future Past","PS Vita",$14.99,50,$29.99,4.67,3
"GRID 2",PS3,$7.49,75,$29.99,4.44,5905
"Ratchet & Clank™",PS4,$15.99,20,$19.99,4.72,12416
"Rocket League® - Game of the Year Edition",PS4,$12.49,50,$24.99,4.62,548
"Suikoden IV",PS3,$4.99,50,$9.99,4.89,155
"Trackmania Turbo",PS4,$9.99,75,$39.99,4.1,3630
"Call of Duty®: Black Ops Ultimate Edition",PS3,$37.49,50,$74.99,4.53,354
"DARK SOULS™: REMASTERED",PS4,$29.99,25,$39.99,4.68,679
"Diablo III: Eternal Collection",PS4,$19.79,67,$59.99,4.75,2323
"Dishonored® Definitive Edition",PS4,$9.99,50,$19.99,4.71,4437
"FIGHTING EX LAYER (Standard Version)",PS4,$35.99,40,$59.99,5,10
"Heroine Anthem Zero Episode 1",PS4,$3.24,75,$12.99,4.45,11
"LEGO® Marvel's Avengers",PS4,$5.99,70,$19.99,4.51,2506
"Metal Gear Solid 3: Snake Eater - HD Edition",PS3,$3.74,75,$14.99,4.94,1154
"METAL GEAR SOLID V: THE PHANTOM Fatigues (All-Purpose Dryland)",PS4,$0.49,50,$0.99,4.69,119
"PAC-MAN 256",PS4,$3.49,30,$4.99,4.41,728
"Sneaking Suit (Naked Snake)",PS4,$0.49,50,$0.99,4.65,609
"SONIC FORCES Digital Standard Edition",PS4,$19.99,50,$39.99,4.35,95
"Sonic Unleashed",PS3,$7.49,50,$14.99,4.6,895
"Sports Bar VR",PS4,$5.99,70,$19.99,3.59,395
"STAR WARS™ Battlefront™ II",PS4,$7.49,75,$29.99,4.03,8084
"Suikoden® (PSOne Classic)",PSP,$2.99,50,$5.99,4.79,5945
"Terraria: PS4™ Edition",PS4,$7.99,60,$19.99,4.6,15662
Teslagrad,PS3,$1.49,90,$14.99,4.56,437
"The Elder Scrolls® Online: 21000 Crowns",PS4,$89.99,40,$149.99,,
"The Evil Within® 2",PS4,$19.79,67,$59.99,4.64,3534
Thief,PS3,$1.49,90,$14.99,4.42,2873
"Worms W.M.D",PS4,$7.49,75,$29.99,4.62,205
"Ys VIII: Lacrimosa of DANA",PS4,$41.99,30,$59.99,4.9,153
"Alien: Isolation - THE COLLECTION",PS4,$11.99,70,$39.99,4.85,414
"ARCADE GAME SERIES: GALAGA",PS4,$1.59,60,$3.99,4.51,170
"Assetto Corsa Ultimate Edition",PS4,$27.99,30,$39.99,3.32,22
"Batman™: Arkham Knight",PS4,$7.99,60,$19.99,4.73,25541
"Battlefield Bundle",PS4,$7.49,75,$29.99,4.61,614
"Battlefield™ Hardline Deluxe Edition",PS4,$6.24,75,$24.99,4.41,1175
"Bulb Boy",PS4,$1.79,80,$8.99,3.56,16
"Don't Knock Twice",PS4,$7.99,60,$19.99,3.45,122
"Dragon Ball Xenoverse - Season Pass",PS4,$6.24,75,$24.99,4.64,4189
"DRAGON BALL XENOVERSE Super Bundle",PS4,$33.99,60,$84.99,4.75,51
"F1™ 2014",PS3,$4.99,75,$19.99,4.43,298
"Fallout 4: Wasteland Workshop",PS4,$2.99,40,$4.99,4.53,7247
"FINAL FANTASY X/X-2 HD Remaster",PS3,$12.49,50,$24.99,4.9,1312
"Jurassic World Evolution",PS4,$29.99,50,$59.99,4.57,383
"L.A. Noire",PS3,$8.99,70,$29.99,4.37,1747
"Life is Strange Complete Season",PS3,$3.99,80,$19.99,4.85,1796
"LittleBigPlanet™ 3",PS4,$15.99,20,$19.99,4.36,24472
"NARUTO SHIPPUDEN™: Ultimate Ninja® STORM 4 - Deluxe Edition",PS4,$31.99,60,$79.99,4.81,1286
"Party Golf",PS4,$2.24,85,$14.99,4.4,10
PROTOTYPE™,PS3,$9.99,50,$19.99,4.58,4922
"Rocket League® – Fast & Furious™ DLC Bundle",PS4,$2.49,50,$4.99,4.04,519
Shadwen,PS4,$4.24,75,$16.99,4.01,174
"Sonic & All-Stars Racing Transformed",PS3,$9.99,50,$19.99,4.48,488
"Suikoden III (PS2 Classic)",PS3,$4.99,50,$9.99,4.89,444
"The Elder Scrolls® Online",PS4,$9.99,50,$19.99,4.22,734
"The Silver Case",PS4,$7.99,60,$19.99,4.2,15
"Trillion: God of Destruction","PS Vita",$1.99,80,$9.99,4.4,53
"We Are The Dwarves",PS4,$3.74,75,$14.99,2.43,51
"Yu-Gi-Oh! Legacy of the Duelist! ZEXAL Dark Mist Saga",PS4,$1.99,60,$4.99,4.46,139
"Chroma Squad",PS4,$7.49,50,$14.99,4.56,34
"Conan Exiles",PS4,$24.99,50,$49.99,4.15,817
"Dengeki Bunko: Fighting Climax",PS3,$11.99,40,$19.99,4.82,88
"Deus Ex: Mankind Divided - Digital Deluxe Edition",PS4,$6.74,85,$44.99,5,59
"Dragon Age™: Inquisition - Game of the Year Edition",PS4,$9.99,75,$39.99,4.58,4106
"Enter the Gungeon",PS4,$7.49,50,$14.99,4.66,4137
"Fairy Fencer F: Advent Dark Force",PS4,$11.99,60,$29.99,4.68,713
"FINAL FANTASY® VII",PS4,$9.59,40,$15.99,4.94,19393
"Get Even",PS4,$7.49,75,$29.99,4.31,81
"God of War III Remastered",PS4,$2.99,85,$19.99,4.76,17556
"Guacamelee! STCE 'Frenemies' Character Pack",PS4,$0.74,75,$2.99,4.46,781
"Guns, Gore and Cannoli 2",PS4,$8.70,33,$12.99,4.39,31
"Horizon Chase Turbo",PS4,$12.99,35,$19.99,4.63,43
Jeopardy!®,PS4,$12.99,35,$19.99,2.58,53
"Journey™ Collector’s Edition",PS4,$4.99,80,$24.99,4.75,398
"Just Cause 3 - Capstone Bloodhound RPG",PS4,$0.74,70,$2.49,4.7,74
"Keep Talking and Nobody Explodes",PS4,$7.49,50,$14.99,4.43,332
"Mirror's Edge",PS3,$3.74,75,$14.99,4.57,7556
"Pure Farming 2018",PS4,$11.99,60,$29.99,2.86,29
"Regalia: Of Men and Monarchs - Royal Edition OST Combo",PS4,$17.09,40,$28.49,5,2
"Rocket League® - Vulcan",PS4,$0.99,50,$1.99,4.14,1287
"Sniper Elite 3",PS4,$8.99,70,$29.99,4.24,3656
"Strange Brigade",PS4,$24.99,50,$49.99,4.6,83
"Super Night Riders",PS4,$3.99,50,$7.99,4.17,12
"The Evil Within Digital Bundle",PS4,$14.99,50,$29.99,4.78,438
"The Jackbox Party Trilogy",PS4,$35.99,40,$59.99,4.67,15
"The Sims™ 4 Dine Out",PS4,$9.99,50,$19.99,3.91,74
"The Witcher 3: Wild Hunt – Complete Edition",PS4,$19.99,60,$49.99,4.84,5806
"Titanfall® 2: Ultimate Edition",PS4,$5.99,85,$39.99,4.72,236
"Tom Clancy’s The Division™ Gold Edition",PS4,$26.99,70,$89.99,4.53,1661
"Unravel Two",PS4,$7.99,60,$19.99,4.64,96
"Wolfenstein® II: The New Colossus™ Digital Deluxe Edition",PS4,$19.79,67,$59.99,4.8,143
Xenoraid,PS4,$1.99,80,$9.99,4.36,14
"18 Floors",PS4,$8.99,40,$14.99,2.7,10
"Battle Chef Brigade Deluxe",PS4,$11.99,40,$19.99,4.91,11
Bloodborne™,PS4,$6.99,65,$19.99,4.76,41718
"DEAD OR ALIVE 5 Last Round",PS4,$19.99,50,$39.99,4.65,2165
"Deus Ex: Mankind Divided - Assault Pack",PS4,$1.24,75,$4.99,,
"Dishonored®: The Complete Collection ",PS4,$31.99,60,$79.99,4.92,12
Electronauts,PS4,$7.99,60,$19.99,4.7,56
"FALLOUT 4 - Automatron",PS4,$5.99,40,$9.99,4.58,12684
"Fallout 4: Contraptions Workshop",PS4,$2.99,40,$4.99,4.57,4606
"Fallout 4: Vault-Tec Workshop",PS4,$2.99,40,$4.99,4.6,4342
"FATAL FURY™ BATTLE ARCHIVES VOL.2",PS4,$5.99,60,$14.99,4.59,85
"GTAV: Premium Online Edition & Megalodon Shark Card",PS4,$39.59,67,$119.99,,
Guacamelee!,PS3,$5.99,60,$14.99,4.55,33
"HYPERDIMENSION NEPTUNIA: PRODUCING PERFECTION","PS Vita",$3.99,60,$9.99,4.54,177
"Just Cause 2",PS3,$1.99,90,$19.99,4.5,5657
"Just Cause 3 - Mini-Gun Racing Boat",PS4,$0.59,70,$1.99,4.68,170
"Killing Floor: Incursion",PS4,$14.99,50,$29.99,4.53,167
"Knee Deep",PS4,$4.49,70,$14.99,4.09,34
"Koihime Enbu RyoRaiRai",PS4,$14.99,25,$19.99,3.8,15
"METAL GEAR SOLID V: THE PHANTOM PAIN",PS4,$13.39,33,$19.99,4.74,33712
"Middle-earth™: Shadow of War™",PS4,$12.49,75,$49.99,4.48,1977
"Middle-earth™: Shadow of War™ Definitive Edition",PS4,$23.99,60,$59.99,4.55,20
Moonlighter,PS4,$13.99,30,$19.99,4.31,126
MUSYNX,PS4,$8.99,70,$29.99,4.33,15
"MY HERO ONE'S JUSTICE",PS4,$41.99,30,$59.99,4.63,188
"NARUTO: Ultimate Ninja STORM",PS4,$11.99,40,$19.99,4.26,62
"Need for Speed™",PS4,$4.99,75,$19.99,4.33,15884
"ONE PIECE BURNING BLOOD - Gold Edition",PS4,$25.34,70,$84.49,4.73,37
"One Piece: Pirate Warriors 3",PS4,$14.99,75,$59.99,4.8,2597
Overcooked,PS4,$4.24,75,$16.99,4.72,2084
"PixelJunk™ Monsters 2",PS4,$7.49,50,$14.99,4.38,71
"Prison Architect: PlayStation®4 Edition",PS4,$9.99,60,$24.99,4.47,580
"Rainbow Moon",PS4,$2.99,80,$14.99,4.42,611
"Rocket League® - Back to the Future™ Car Pack",PS4,$0.99,50,$1.99,4.43,3153
"Rogue Legacy",PS4,$4.24,75,$16.99,4.57,15384
"SWORD ART ONLINE: Hollow Realization",PS4,$14.99,75,$59.99,4.7,1076
"SWORD ART ONLINE: Hollow Realization Deluxe Edition",PS4,$21.24,75,$84.99,4.89,178
"The Crew",PS4,$9.89,67,$29.99,4.25,7936
"The Elder Scrolls® Online: Summerset™ Collector's Ed. Upgrade",PS4,$19.99,50,$39.99,4.51,71
"The Last of Us: Left Behind Stand Alone",PS3,$3.99,60,$9.99,4.57,396
"The Long Dark",PS4,$14.99,50,$29.99,4.47,785
"The Order: 1886™",PS4,$2.99,85,$19.99,4.18,17005
"The Sims™ 4 Get to Work",PS4,$19.99,50,$39.99,4.5,104
"The Sims™ 4 Parenthood",PS4,$9.99,50,$19.99,4.25,53
"The Walker",PS4,$4.99,50,$9.99,2.8,5
"The Witcher 3: Wild Hunt",PS4,$19.99,50,$39.99,4.87,42508
"Until Dawn: Rush of Blood",PS4,$4.49,70,$14.99,4.32,2909
"Use Your Words",PS4,$4.49,70,$14.99,3.77,26
"Welcome to Hanwell",PS4,$7.99,60,$19.99,3.2,30
"WRC 5 & 6 Deluxe Pack",PS4,$23.99,60,$59.99,5,4
"WWE 2K19 Digital Deluxe Edition",PS4,$44.99,50,$89.99,4.53,265
"Yu-Gi-Oh! ARC-V: ARC League Championship",PS4,$1.99,60,$4.99,4.5,18
"Alice: Madness Returns™ Ultimate Edition",PS3,$3.99,80,$19.99,4.82,1317
"Aliens: Colonial Marines",PS3,$7.99,60,$19.99,4.38,246
"All-Star Fruit Racing",PS4,$17.49,30,$24.99,3.67,3
"A Rose in the Twilight","PS Vita",$5.99,40,$9.99,2.5,2
"Assassin's Creed® Odyssey Gold Edition",PS4,$49.99,50,$99.99,4.86,161
"Assassin's Creed® Odyssey Ultimate Edition",PS4,$59.99,50,$119.99,4.88,154
"Battle Princess of Arcadias",PS3,$7.99,60,$19.99,4.77,223
"Black & White Bushido",PS4,$5.19,60,$12.99,4,19
"Bleed Complete Bundle",PS4,$4.19,85,$27.99,5,3
"BLUE REFLECTION",PS4,$35.99,40,$59.99,4.7,23
"Burly Men at Sea",PS4,$4.99,50,$9.99,3.99,283
"Call of Duty®: Black Ops & Black Ops II Game Bundle",PS3,$23.99,70,$79.99,4.59,49
"Call of Duty®: Ghosts Season Pass",PS3,$29.99,40,$49.99,4.56,4158
"Call of Duty®: Modern Warfare® Remastered",PS4,$19.99,50,$39.99,4.44,19653
Crawl,PS4,$5.99,60,$14.99,4.68,85
"Deer Hunter: Reloaded",PS4,$7.99,60,$19.99,2.91,35
"Destroy All Humans!",PS4,$2.99,85,$19.99,4.67,1175
"Deus Ex: Mankind Divided - Tactical Pack",PS4,$1.24,75,$4.99,,
"Dogfight 1942",PS3,$1.99,80,$9.99,4.23,387
"Dragon Age: Origins",PS3,$3.99,80,$19.99,4.69,2803
"Everybody's Golf",PS4,$13.99,30,$19.99,4.63,957
"FINAL FANTASY® IX Digital Edition",PS4,$12.59,40,$20.99,4.9,3472
"FINAL FANTASY X/X-2 HD Remaster",PS4,$12.49,50,$24.99,4.89,5861
"GRID Autosport Season Pass",PS3,$7.49,75,$29.99,4.39,56
"Guilty Gear Xrd -REVELATOR-",PS4,$7.99,60,$19.99,4.81,1505
"inFAMOUS First Light ",PS4,$7.49,50,$14.99,4.53,66972
"Jak and Daxter Collection™","PS Vita",$3.99,60,$9.99,4.17,1295
"Jak and Daxter: The Precursor Legacy™",PS4,$5.99,60,$14.99,4.84,2212
"Killzone™ Shadow Fall",PS4,$15.99,20,$19.99,4.19,9851
"KINGDOM HEARTS HD 1.5 +2.5 ReMIX",PS4,$34.99,30,$49.99,4.91,4197
"Little Witch Academia: Chamber of Time",PS4,$24.99,50,$49.99,4.58,64
"METAL GEAR RISING: REVENGEANCE",PS3,$4.99,75,$19.99,4.81,889
"Metal Gear Solid 2: Sons of Liberty - HD Edition",PS3,$3.74,75,$14.99,4.81,464
"METAL GEAR SOLID V: THE PHANTOM PAIN - Fatigues (Black Ocelot)",PS4,$0.49,50,$0.99,4.76,111
"METAL SLUG ANTHOLOGY™",PS4,$7.99,60,$19.99,4.62,1773
"Middle-earth™: Shadow of Mordor™ - Game of the Year Edition",PS4,$9.99,50,$19.99,4.63,3227
"MLB® The Show™ 17",PS4,$7.99,60,$19.99,4.41,4022
"Muramasa Rebirth Complete Collection","PS Vita",$13.99,60,$34.99,4.93,162
"NARUTO SHIPPUDEN™: Ultimate Ninja® STORM 4",PS4,$29.99,50,$59.99,4.74,9795
"NARUTO SHIPPUDEN™: Ultimate Ninja® STORM 4 - Season Pass",PS4,$9.99,50,$19.99,4.38,6313
Octahedron,PS4,$6.49,50,$12.99,4,9
"One Piece: Burning Blood",PS4,$14.99,75,$59.99,4.59,1016
"PlayStation VR Worlds",PS4,$4.49,70,$14.99,4.31,306
"Prey: Mooncrash",PS4,$9.99,50,$19.99,4.26,42
"Prison Architect: Escape Mode DLC",PS4,$6.74,25,$8.99,4.13,16
"Raging Justice",PS4,$7.49,50,$14.99,4.29,35
"Rick and Morty: Virtual Rick-ality",PS4,$14.99,50,$29.99,4.14,111
"Rocket League® – Fast & Furious™ '70 Dodge Charger R/T",PS4,$0.99,50,$1.99,4.14,764
"Rocket League® - Hot Wheels® Bone Shaker™",PS4,$0.99,50,$1.99,4.07,1046
"Rocket League® - Marauder",PS4,$0.99,50,$1.99,4.29,639
"Senko no Ronde 2",PS4,$15.99,60,$39.99,5,5
"SOULCALIBUR Ⅵ Deluxe Edition",PS4,$71.99,20,$89.99,4.98,127
"State of Mind",PS4,$31.99,20,$39.99,4.8,10
STRAFE,PS4,$7.49,50,$14.99,3.55,190
"Surgeon Simulator: Experience Reality",PS4,$5.99,70,$19.99,3.28,335
"TEKKEN 7",PS4,$24.99,50,$49.99,4.62,2827
"Tennis World Tour",PS4,$23.99,60,$59.99,2.28,65
Teslagrad,"PS Vita",$1.49,90,$14.99,4.56,159
"The 25th Ward: The Silver Case",PS4,$11.99,60,$29.99,4.43,7
"The Jackbox Party Pack 2",PS4,$12.49,50,$24.99,4.57,632
"The Jackbox Party Pack 3",PS4,$16.24,35,$24.99,4.57,281
"The Jackbox Party Pack 4",PS4,$16.24,35,$24.99,4.29,24
"The Last of Us: Left Behind Stand Alone",PS4,$3.99,60,$9.99,4.69,2087
"The Seven Deadly Sins: Knights of Britannia",PS4,$29.99,50,$59.99,4.71,21
"The Sims™ 4 Vampires",PS4,$9.99,50,$19.99,4.52,337
"The Wardrobe",PS4,$9.74,35,$14.99,3.56,9
"The Witcher 3: Wild Hunt Expansion Pass",PS4,$12.49,50,$24.99,4.86,6175
"Touhou Kobuto V: Burst Battle",PS4,$5.99,70,$19.99,4,11
Transistor,PS4,$4.99,75,$19.99,4.62,32739
"Trove - Mega Menagerie Pack",PS4,$8.99,70,$29.99,3.63,32
"UNCHARTED: The Lost Legacy",PS4,$7.99,60,$19.99,4.8,5565
"Utawarerumono: Mask of Truth",PS4,$14.99,50,$29.99,4.79,24
"Valkyria Chronicles 4",PS4,$29.99,50,$59.99,4.79,147
"Wailing Heights",PS4,$8.39,30,$11.99,,
"Wheels of Aurelia",PS4,$1.99,80,$9.99,3.07,84
"Worms Anniversary Edition",PS4,$9.99,75,$39.99,4.46,79
"WWE 2K19",PS4,$29.99,50,$59.99,4.16,409
"Yu-Gi-Oh! Legacy of the Duelist! GX Lost Duels",PS4,$1.99,60,$4.99,4.64,192
"100ft Robot Golf",PS4,$1.99,80,$9.99,3.4,40
"1979 Revolution: Black Friday",PS4,$3.59,70,$11.99,4.69,16
ADR1FT,PS4,$5.99,70,$19.99,3.89,721
"Alien: Isolation",PS3,$8.99,70,$29.99,4.74,484
Aragami,PS4,$5.99,70,$19.99,4.48,324
Awkward,PS4,$5.99,50,$11.99,3.25,4
"Battle Chasers: Nightwar",PS4,$7.49,75,$29.99,4.52,289
"BlazBlue: Central Fiction",PS4,$23.99,60,$59.99,4.73,878
"Bridge Constructor Portal",PS4,$5.99,60,$14.99,4.57,23
"Brothers: a Tale of two Sons",PS4,$5.99,70,$19.99,4.56,786
"Cities: Skylines - Premium Edition",PS4,$27.99,60,$69.99,5,19
"Claire: Extended Cut","PS Vita",$2.99,80,$14.99,4.22,51
ClusterTruck,PS4,$2.99,80,$14.99,4.04,405
"Cyberdimension Neptunia: 4 Goddesses Online",PS4,$14.99,70,$49.99,4.64,120
Darknet,PS4,$3.74,75,$14.99,4.37,62
"Dead Space™ 2 Ultimate Edition",PS3,$5.99,80,$29.99,4.9,131
"Dead Space ™ 3 Ultimate Edition",PS3,$5.99,80,$29.99,4.8,198
"Death Road to Canada",PS4,$8.99,40,$14.99,4.47,62
"Defense Grid 2",PS4,$3.29,78,$14.99,4.55,1295
"DiRT 4",PS4,$16.79,72,$59.99,4.57,465
"DiRT Rally® PLUS PLAYSTATION®VR BUNDLE",PS4,$9.99,80,$49.99,4.57,121
"DOG GONE GOLFING",PS4,$0.49,90,$4.99,2.67,15
DWVR,PS4,$7.49,50,$14.99,3.37,49
"EVERSPACE™ - Stellar Edition",PS4,$15.99,60,$39.99,4.67,3
"F1 RACE STARS™",PS3,$4.99,75,$19.99,4.42,424
"Fall of Light",PS4,$5.09,66,$14.99,3.25,4
"Fallout 4: Far Harbor",PS4,$14.99,40,$24.99,4.69,9675
"Fate/EXTELLA: The Umbral Star ",PS4,$23.99,40,$39.99,4.71,437
"Fist of the North Star: Lost Paradise",PS4,$39.59,34,$59.99,4.84,215
"Goat Simulator",PS4,$2.49,75,$9.99,4.42,9890
"GOD EATER 2: Rage Burst",PS4,$14.99,75,$59.99,4.76,907
"GTAV: Premium Online Edition & Whale Shark Card",PS4,$29.03,67,$87.99,,
"Hatsune Miku: Project DIVA F",PS3,$15.99,20,$19.99,4.93,1423
"Hatsune Miku: Project DIVA F 2nd",PS3,$19.99,20,$24.99,4.95,430
"Infinity Runner",PS4,$1.39,80,$6.99,3.75,491
"Injustice™ 2 - Legendary Edition",PS4,$17.99,70,$59.99,4.56,166
INSIDE,PS4,$5.99,70,$19.99,4.15,1513
"Jurassic World Evolution Deluxe Edition",PS4,$32.49,50,$64.99,4.77,371
"Just Cause 3 – Kousavá Rifle",PS4,$0.74,70,$2.49,4.42,454
"Just Cause 3: Sky Fortress",PS4,$3.59,70,$11.99,4.6,3404
"Just Dance® 2016",PS4,$15.99,60,$39.99,4.49,662
"Kerbal Space Program Enhanced Edition",PS4,$19.99,50,$39.99,4.47,483
"Kero Blaster",PS4,$4.99,50,$9.99,4.87,23
"LEGO® NINJAGO® Movie Video Game",PS4,$14.99,70,$49.99,3.76,79
"Lethal VR",PS4,$3.74,75,$14.99,3.63,168
"Life is Strange Complete Season",PS4,$3.99,80,$19.99,4.78,13863
"Manual Samuel",PS4,$1.49,85,$9.99,3.84,112
"Megadimension Neptunia VII",PS4,$11.99,60,$29.99,4.82,2430
"METAL GEAR SOLID V: THE PHANTOM PAIN",PS3,$13.39,33,$19.99,4.84,1526
"METAL GEAR SOLID V: THE PHANTOM PAIN - Bionic arm (Gold)",PS4,$0.49,50,$0.99,3.91,158
"METAL GEAR SOLID V: THE PHANTOM PAIN - Jumpsuit (EVA)",PS4,$0.49,50,$0.99,4.74,264
"Mount & Blade: Warband",PS4,$4.99,75,$19.99,4.6,1739
"Mr. Foster Classic Uniform Bundle",PS4,$2.99,40,$4.99,4.55,110
"MX vs ATV All Out",PS4,$14.99,70,$49.99,3.59,110
"Need for Speed™ Rivals",PS4,$4.99,75,$19.99,4.15,19799
"Next Up Hero",PS4,$7.99,60,$19.99,2.33,3
"Outlast 2",PS4,$8.99,70,$29.99,4.65,2454
"Outlast: Bundle of Terror",PS4,$7.24,75,$28.99,4.85,2120
"PAYDAY 2 - CRIMEWAVE EDITION - THE BIG SCORE Game Bundle",PS4,$24.99,50,$49.99,4.44,158
"Persian Nights: Sands of Wonders",PS4,$7.49,50,$14.99,4.67,3
"Pillars of Eternity: Complete Edition",PS4,$14.99,70,$49.99,4.64,373
"Prison Architect: Escape Mode Bundle",PS4,$15.59,60,$38.99,3.67,3
"PRO EVOLUTION SOCCER 2019 LEGENDARY EDITION",PS4,$39.99,50,$79.99,4.96,25
"Pure Farming 2018: Digital Deluxe Edition",PS4,$15.99,60,$39.99,4,4
Quiplash,PS3,$4.99,50,$9.99,4.87,15
"Raiden IV: OverKill",PS3,$2.99,80,$14.99,4.78,187
"Rapala Fishing: Pro Series",PS4,$7.99,60,$19.99,3.09,79
"River City Melee: Battle Royal Special",PS4,$3.74,85,$24.99,4.18,44
"Rocket League® - Chaos Run DLC Pack",PS4,$1.99,50,$3.99,4.35,1878
"Rocket League® - Hot Wheels® Twin Mill™ III",PS4,$0.99,50,$1.99,4.01,1412
"Rocket League® - The Fate of the Furious™ Ice Charger",PS4,$0.99,50,$1.99,4.08,2779
"Rogue Aces",PS4,$3.89,70,$12.99,4.91,11
"Senko no Ronde 2 - Rounder Virtual On",PS4,$3.49,30,$4.99,5,1
"Small Radios Big Televisions",PS4,$3.59,70,$11.99,3.92,38
"Sniper Elite 3 Ultimate Edition",PS4,$15.99,60,$39.99,4.4,2886
"Sonic Mania",PS4,$14.99,25,$19.99,4.8,5062
"SOULCALIBUR VI",PS4,$41.99,30,$59.99,4.71,277
"Star Ocean® Till The End Of Time™",PS4,$10.49,50,$20.99,4.8,896
"Super Bomberman R",PS4,$19.99,50,$39.99,4.4,25
SYMMETRY,PS4,$6.11,66,$17.99,5,2
"THE KING OF FIGHTERS XIV Special Anniversary Edition",PS4,$29.99,50,$59.99,4.77,13
"The Sound Four Extra Playable Characters Pack",PS4,$3.49,50,$6.99,4.71,1985
"Tomb Raider: Definitive Edition",PS4,$5.99,80,$29.99,4.74,25047
"Tomb Raider Digital Edition",PS3,$1.99,90,$19.99,4.78,10920
"Tom Clancy's Rainbow Six® Siege Gold Edition",PS4,$26.99,70,$89.99,,
"Toukiden 2",PS4,$29.99,50,$59.99,4.52,61
"Trials Fusion™",PS4,$5.99,70,$19.99,4.31,15134
"Trine Trilogy",PS4,$8.99,70,$29.99,4.83,141
Unravel,PS4,$7.99,60,$19.99,4.61,6401
"Until Dawn",PS4,$15.99,20,$19.99,4.65,29204
Virginia,PS4,$2.99,70,$9.99,3.63,414
"Watch Dogs™",PS4,$20.09,33,$29.99,4.42,26688
"Way of the Passive Fist",PS4,$5.99,60,$14.99,4.63,16
"Whispering Willows (Game and Theme)",PS4,$4.99,60,$12.49,4.23,603
"White Day: A Labyrinth Named School",PS4,$7.49,75,$29.99,4.51,43
"Wild Turkey Hunter VR",PS4,$5.99,60,$14.99,3.5,2
"Windurger S333 CombatSpecial",PS3,$0.49,50,$0.99,3.8,10
"Wolfenstein: The New Order",PS4,$9.99,50,$19.99,4.53,9958
"Yu-Gi-Oh! Waking the Dragons: Yugi’s Journey",PS4,$1.99,60,$4.99,4.48,75
"2.6 Million Silver Bundle",PS4,$20.99,30,$29.99,,
"Ace of Seafood",PS4,$5.99,50,$11.99,4.6,15
"Adventures of Mana","PS Vita",$4.99,50,$9.99,4.54,286
"Alien Rage",PS3,$2.99,80,$14.99,4.33,587
"Alone With You",PS4,$3.49,65,$9.99,4.17,120
"Aragami: Nightfall",PS4,$6.99,30,$9.99,5,5
"Army Corps of Hell","PS Vita",$4.99,50,$9.99,3.59,191
"Aven Colony",PS4,$7.49,75,$29.99,4.16,123
Bastion,PS4,$3.74,75,$14.99,4.71,5531
"Battlefield™ Anniversary Bundle",PS4,$24.99,75,$99.99,4.67,12
"Battlezone Gold Edition",PS4,$10.49,70,$34.99,4.42,251
"Black the Fall",PS4,$7.49,50,$14.99,4.1,70
"Blasters of the Universe",PS4,$7.49,50,$14.99,4.61,56
"Bloodborne™ Complete Edition Bundle",PS4,$12.24,65,$34.99,4.9,2849
"Bravo Team",PS4,$23.99,40,$39.99,3.14,205
"Burnout™ Paradise Remastered",PS4,$5.99,70,$19.99,4.65,489
"Call of Duty®: Ghosts Digital Hardened Edition",PS3,$31.99,60,$79.99,4.73,961
"Call of Duty®: Ghosts Digital Hardened Edition",PS4,$39.99,60,$99.99,4.54,360
"Call of Duty®: Ghosts Gold Edition",PS4,$23.99,60,$59.99,4.17,8904
"Call of Duty®: Infinite Warfare",PS4,$25.79,57,$59.99,3.96,25067
"Caveman Warriors - Bundle",PS4,$2.99,80,$14.99,5,1
Chasm,PS4,$14.99,25,$19.99,4,44
"Cities: Skylines + Surviving Mars",PS4,$35.99,40,$59.99,5,2
"Cold Iron",PS4,$6.99,50,$13.99,4,21
"Darkest Dungeon®: Crimson edition",PS4,$9.89,67,$29.99,4.38,39
"Dark Rose Valkyrie",PS4,$5.99,80,$29.99,4.39,122
"Die for Valhalla!",PS4,$7.19,40,$11.99,5,3
"Digerati Indie Darling Bundle",PS4,$4.49,85,$29.99,5,1
"Disgaea 5 Complete Bundle",PS4,$27.99,30,$39.99,4.92,12
"Dishonored®: Death of the Outsider™ Deluxe Bundle",PS4,$23.99,60,$59.99,4.56,9
"Dragon Ball Xenoverse + Season Pass Bundle",PS4,$21.44,67,$64.99,4.61,1324
"Dragon's Crown Pro",PS4,$29.99,40,$49.99,4.84,118
"Dragon Sinker",PS4,$8.99,40,$14.99,4.56,45
"Elite Dangerous",PS4,$8.99,70,$29.99,4.25,1909
"Elite Dangerous: Commander Deluxe Edition",PS4,$17.99,70,$59.99,4.61,361
"Elite Dangerous: Horizons Season Pass",PS4,$8.99,70,$29.99,4.8,468
"Enigmatis Collection",PS4,$17.99,50,$35.99,5,3
"Eventide 3: Legacy of Legends",PS4,$7.49,50,$14.99,4.33,3
"Everybody's Golf - Green Country Club Course",PS4,$2.49,50,$4.99,4.18,34
Extinction,PS4,$14.99,75,$59.99,1.89,56
"Fibbage: The Hilarious Bluffing Party Game",PS4,$3.49,50,$6.99,4.55,1427
"GAROU: MARK OF THE WOLVES™",PS4,$5.99,60,$14.99,4.84,567
"Goat MMO Simulator",PS4,$1.24,75,$4.99,4.29,1135
"God of War Digital Deluxe Edition",PS4,$32.49,35,$49.99,4.86,2994
"Gradius V (PS2 Classic)",PS3,$2.49,75,$9.99,4.8,117
"Gravity Rush™ 2",PS4,$11.99,40,$19.99,4.81,1021
"Guacamelee! PS Vita - El Diablo's Domain (Challenge Level)","PS Vita",$0.74,75,$2.99,4.77,86
"Guilty Gear Xrd -REVELATOR-",PS3,$7.99,60,$19.99,4.96,165
"Hasbro Family Fun Pack - Conquest Edition",PS4,$15.99,60,$39.99,3.41,63
"Hasbro Family Fun Pack Super Edition",PS4,$23.99,60,$59.99,4.2,5
"HITMAN™ 2",PS4,$29.99,50,$59.99,4.15,415
"How to Survive",PS3,$4.49,70,$14.99,4.64,1054
"Hyperdevotion Noire: Goddess Black Heart","PS Vita",$5.99,70,$19.99,4.87,217
"Hyperdimension Neptunia ReBirth3: V Generation","PS Vita",$8.99,70,$29.99,4.9,306
"Hyperdimension Neptunia U: Action Unleashed","PS Vita",$5.99,70,$19.99,4.71,392
ICEY,PS4,$5.99,60,$14.99,4.48,289
"Infinite Air with Mark McMorris",PS4,$7.49,75,$29.99,3.75,121
InnerSpace,PS4,$7.99,60,$19.99,3.5,6
"Jak 3™",PS3,$3.19,60,$7.99,4.85,1105
"Jak II™",PS3,$3.19,60,$7.99,4.7,774
"Just Cause 2 Ultimate Edition",PS3,$2.99,90,$29.99,4.71,635
"Just Cause 3: Air, Land & Sea Expansion Pass",PS4,$3.74,75,$14.99,4.26,2642
"Just Cause 3 - Final Argument Sniper Rifle",PS4,$0.74,70,$2.49,4.67,123
"Just Dance® 2016 Gold Edition",PS4,$19.99,60,$49.99,,
"Kane & Lynch: Dead Men",PS3,$2.99,80,$14.99,4.19,210
"Knack 2",PS4,$9.99,50,$19.99,4.41,576
"Konrad the Kitten",PS4,$7.49,50,$14.99,4.29,7
"Late Shift",PS4,$6.24,50,$12.49,4.6,402
Legasista,PS3,$2.99,70,$9.99,4.53,382
"LEGO® CITY Undercover",PS4,$8.99,70,$29.99,4.48,260
"LEGO® Marvel™ Super Heroes",PS4,$5.99,70,$19.99,4.44,18120
"LEGO® Marvel Super Heroes Deluxe Bundle",PS4,$22.49,70,$74.99,5,5
"LEGO® Worlds",PS4,$8.99,70,$29.99,4.34,1531
LIMBO,PS4,$1.99,80,$9.99,4.55,9914
"Maschinen Taktische Pistole 5 Weiss",PS3,$0.49,50,$0.99,4.5,10
"Maschinen Taktische Pistole 5 Weiss",PS4,$0.49,50,$0.99,4.66,168
"Mass Effect™: Andromeda – Deluxe Recruit Edition",PS4,$9.99,75,$39.99,,
"Mega Coin Squad",PS4,$2.99,80,$14.99,4.22,110
"Mervils: A VR Adventure",PS4,$7.99,60,$19.99,4.09,160
"Metal Gear Online All Appeal Pack",PS4,$3.49,50,$6.99,4.63,19
"METAL GEAR ONLINE EXPANSION PACK 'CLOAKED IN SILENCE'",PS3,$1.99,50,$3.99,4.72,82
"Metal Gear Solid 2: Sons of Liberty - HD Edition PS Vita","PS Vita",$3.74,75,$14.99,4.77,296
"METAL GEAR SOLID HD COLLECTION",PS3,$9.99,75,$39.99,4.94,496
"METAL GEAR SOLID V: GROUND ZEROES",PS3,$4.99,75,$19.99,4.65,4450
"METAL GEAR SOLID V: THE PHANTOM PAIN - AM MRS-4 GOLD",PS3,$0.49,50,$0.99,4.75,8
"METAL GEAR SOLID V: THE PHANTOM PAIN - Metal Gear Rex Helmet",PS4,$0.49,50,$0.99,4.92,260
"METAL GEAR SOLID V: THE PHANTOM PAIN - Mother Base Staff 3",PS3,$0.49,50,$0.99,5,7
"METAL GEAR SOLID V: THE PHANTOM PAIN - Parade Tack",PS3,$0.49,50,$0.99,4.59,17
"METAL GEAR SOLID V: THE PHANTOM PAIN - Tuxedo",PS4,$0.49,50,$0.99,4.76,223
"METAL GEAR SOLID V: THE PHANTOM PAIN - WU S.PISTOL GOLD",PS4,$0.49,50,$0.99,4.83,261
"METAL GEAR SOLID V: THE PHANTOM PAIN - WU S.PISTOL GOLD",PS3,$0.49,50,$0.99,4,8
"METAL SLUG 3",PS3,$5.99,60,$14.99,4.78,180
"METAL SLUG XX",PS4,$7.99,60,$19.99,4.47,55
"Micro Machines World Series",PS4,$8.39,72,$29.99,2.61,23
"Mirror's Edge™ Catalyst",PS4,$4.99,75,$19.99,4.33,2559
"MLB® The Show™ 16",PS4,$9.99,50,$19.99,4.38,5406
"MONOPOLY PLUS",PS4,$4.49,70,$14.99,4.11,3255
"NARUTO SHIPPUDEN: Ultimate Ninja STORM 2",PS4,$11.99,40,$19.99,4.22,32
"NARUTO SHIPPUDEN: Ultimate Ninja STORM 3 Full Burst",PS4,$11.99,40,$19.99,4.71,203
Nebulous,PS4,$2.99,80,$14.99,3.67,6
"Need for Speed™ Deluxe Edition",PS4,$6.24,75,$24.99,4.55,1890
Neighborhorde,PS4,$1.99,60,$4.99,3.89,19
"NOBUNAGA'S AMBITION: Taishi",PS4,$35.99,40,$59.99,4.33,6
"Oh…Sir! The Hollywood Roast",PS4,$1.99,60,$4.99,3.78,9
"PAYDAY 2: CRIMEWAVE EDITION",PS4,$5.99,70,$19.99,4.42,9727
"PAYDAY 2 - CRIMEWAVE EDITION - THE BIG SCORE DLC Bundle!",PS4,$19.99,50,$39.99,4.45,287
"Personal Ballistic Shield (Silver)",PS4,$0.49,50,$0.99,4.82,100
"Personal Ballistic Shield (White)",PS3,$0.49,50,$0.99,5,3
"Pinball FX3 - Marvel Pinball: Marvel Legends Pack",PS4,$3.99,60,$9.99,4.5,4
"Prey + Dishonored 2 Bundle",PS4,$25.99,60,$64.99,2.75,4
"Prison Architect: All Day And A Night DLC",PS4,$2.79,60,$6.99,4.54,167
"Psychonauts In The Rhombus Of Ruin",PS4,$14.99,25,$19.99,4.49,305
"Rasp Short-Barreled Shotgun (Gold)",PS4,$0.49,50,$0.99,4.81,48
"Risk of Rain",PS4,$2.49,75,$9.99,4.66,1468
"Rocket League® - Triton",PS4,$0.99,50,$1.99,4.14,657
"Rocksmith® 2014 Edition – Remastered",PS4,$9.89,67,$29.99,4.68,476
"Romancing SaGa 2",PS4,$18.74,25,$24.99,4.51,95
"SEGA Genesis Classics",PS4,$19.79,34,$29.99,4.49,146
"Senko no Ronde 2 - Rounder Valken",PS4,$3.49,30,$4.99,5,1
"SHADOW OF THE COLOSSUS",PS4,$13.99,30,$19.99,4.81,3040
"Siralim 2",PS4,$2.24,85,$14.99,4.52,25
"Skullgirls Encore",PS3,$0.99,90,$9.99,4.73,5787
"Slain: Back from Hell",PS4,$2.99,80,$14.99,4.22,448
"Sleeping Dogs Digital Edition",PS3,$1.99,90,$19.99,4.74,7524
"Sneaking Suit (Naked Snake)",PS3,$0.49,50,$0.99,4.82,44
"Sneaking Suit (The Boss)",PS4,$0.49,50,$0.99,4.76,515
"Sniper Elite 4 Deluxe Edition",PS4,$26.99,70,$89.99,4.61,41
"Sniper Ghost Warrior 2",PS3,$3.99,90,$39.99,4.28,275
"Soldner-X 2: Final Prototype Complete Bundle",PS3,$1.29,90,$12.99,4.84,91
"Soldner-X: Himmelssturmer",PS3,$0.79,90,$7.99,3.78,1548
Spellspire,PS4,$3.99,60,$9.99,4.38,13
"Starter Pack by LexCorp",PS4,$5.99,25,$7.99,,
"Styx: Shards of Darkness",PS4,$12.49,75,$49.99,4.5,132
"Sunless Sea: Zubmariner Edition",PS4,$11.39,40,$18.99,4.81,21
"SUPERBEAT: XONiC","PS Vita",$5.99,70,$19.99,4.81,159
"Super Hyperactive Ninja",PS4,$1.79,80,$8.99,3.75,4
"Surgeon Simulator: A&E Anniversary Edition",PS4,$3.89,70,$12.99,4.21,10197
"Surgeon Simulator A&E + I Am Bread",PS4,$5.99,70,$19.99,4.14,111
"SWORD ART ONLINE: FATAL BULLET Deluxe Edition",PS4,$50.99,40,$84.99,4.68,80
"The American Dream",PS4,$9.99,50,$19.99,3.64,25
"The Bunker",PS4,$3.99,80,$19.99,3.9,320
"The Crew® 2 Deluxe Edition",PS4,$23.09,67,$69.99,4.53,40
"The Elder Scrolls® Online: 14000 Crowns",PS4,$64.99,35,$99.99,,
"The Elder Scrolls® Online: Summerset™ Collector's Edition",PS4,$29.99,50,$59.99,3.33,18
"The Escapists + The Escapists: The Walking Dead Collection",PS4,$7.49,75,$29.99,4.63,41
"The Evil Within Season Pass",PS4,$4.99,50,$9.99,4.65,1868
"The Flame in the Flood: Complete Edition",PS4,$2.99,80,$14.99,4.31,151
"The Jackbox Party Pack ",PS3,$12.49,50,$24.99,4.42,62
"The Jackbox Party Pack",PS4,$12.49,50,$24.99,4.56,2084
"THE KING OF FIGHTERS™ '98 ULTIMATE MATCH",PS4,$5.99,60,$14.99,4.82,77
"The Last Guardian",PS4,$10.99,45,$19.99,4.61,1614
"The Metronomicon: Slay the Dance Floor",PS4,$11.99,40,$19.99,4.68,25
"The Mummy Demastered",PS4,$12.99,35,$19.99,4.42,161
"The Sims™ 4 Bundle",PS4,$24.99,50,$49.99,4.6,426
"The Sims™ 4 Bundle - Get to Work, Dine Out, Cool Kitchen Stuff",PS4,$24.99,50,$49.99,4.43,23
"The Witcher 3: Wild Hunt – Blood and Wine",PS4,$9.99,50,$19.99,4.89,5554
"Time Carnage",PS4,$9.99,50,$19.99,4.5,26
"Titan Quest",PS4,$8.99,70,$29.99,4.35,98
"Tomb Raider: Underworld™",PS3,$2.24,85,$14.99,4.34,3811
"Trove - Geode Companion Pack 2",PS4,$9.99,50,$19.99,,
"True Fear: Forsaken Souls - Part 1",PS4,$2.99,70,$9.99,4.52,31
"Tyr: Chains of Valhalla",PS4,$3.29,70,$10.99,2.33,3
"Under Night In-Birth Exe:Late[st]",PS4,$19.99,60,$49.99,4.84,58
"Utawarerumono: Mask of Deception","PS Vita",$14.99,50,$29.99,,
"Weaponized Vehicle Pack",PS4,$1.19,70,$3.99,4.43,1055
"Wolfenstein: The Old Blood",PS4,$9.99,50,$19.99,4.61,6764
"Wolfenstein®: The Two-Pack",PS4,$14.99,50,$29.99,4.6,45
"Yomawari: Midnight Shadows","PS Vita",$13.99,30,$19.99,,
"Ys VIII: Lacrimosa of DANA","PS Vita",$27.99,30,$39.99,5,1
"Yu-Gi-Oh! ARC-V: Shay vs Dennis",PS4,$1.99,60,$4.99,3.97,31
"Yu-Gi-Oh! ARC-V: Yugo’s Synchro Dimension",PS4,$1.99,60,$4.99,4.19,52
"Yu-Gi-Oh! ARC-V: Yuya vs Crow",PS4,$1.99,60,$4.99,4.3,27
"Yu-Gi-Oh! ARC-V Zuzu v. Julia",PS4,$1.99,60,$4.99,4.66,80
"Yu-Gi-Oh! Waking the Dragons: Joey’s Journey",PS4,$1.99,60,$4.99,4.78,49
"Zombie Army Trilogy",PS4,$9.99,80,$49.99,4.62,5971
2Dark,PS4,$5.99,80,$29.99,4.56,18
"A Bastard's Tale",PS4,$1.49,70,$4.99,3.54,91
"Absolute Drift: Zen Edition",PS4,$4.79,60,$11.99,4.42,306
"Accounting Plus (Accounting+)",PS4,$7.19,40,$11.99,4.38,104
"Adventures of Pip",PS4,$3.74,75,$14.99,4.3,323
"Aegis Defenders",PS4,$10.99,45,$19.99,4.5,12
AereA,PS4,$3.99,80,$19.99,1.33,15
"A Hat in Time",PS4,$17.99,40,$29.99,4.85,708
"Alchemic Jousts",PS4,$2.69,70,$8.99,2.88,8
Alienation™,PS4,$2.99,85,$19.99,4.65,3761
"Along Together",PS4,$7.49,50,$14.99,4.38,16
"Always Sometimes Monsters",PS4,$0.99,90,$9.99,4.29,34
"Amnesia: Memories","PS Vita",$2.99,70,$9.99,4.63,699
AQUAPAZZA,PS3,$9.99,50,$19.99,4.72,220
"Aqua TV",PS4,$2.99,70,$9.99,4.24,17
"ARCADE GAME SERIES: DIG DUG",PS4,$1.59,60,$3.99,4.41,461
Archangel™,PS4,$14.99,50,$29.99,4.27,232
"Arizona Sunshine",PS4,$11.99,70,$39.99,3.99,661
"ArmaGallant: Decks of Destiny",PS4,$4.99,75,$19.99,2.58,12
Armello™,PS4,$5.99,70,$19.99,4.51,1368
"ART OF FIGHTING ANTHOLOGY",PS4,$5.99,60,$14.99,4.54,71
"Assassin's Creed® Odyssey Deluxe Edition",PS4,$39.99,50,$79.99,5,6
"Assault Android Cactus",PS4,$5.99,60,$14.99,4.62,554
"Assetto Corsa Season Pass",PS4,$13.99,30,$19.99,4.07,240
Astebreed,PS4,$9.99,50,$19.99,4.62,626
ATOMINE,PS4,$4.99,50,$9.99,3.33,3
Attractio,PS4,$4.99,75,$19.99,3.96,26
"Bard's Gold","PS Vita",$1.24,75,$4.99,3.75,44
"Bard's Gold",PS4,$1.24,75,$4.99,3.64,132
"Battlefield 4™ Premium Edition",PS4,$11.99,80,$59.99,4.76,3331
"Beast Quest",PS4,$9.99,75,$39.99,2.55,11
"Beyond Eyes",PS4,$3.74,75,$14.99,3.98,348
"BEYOND: Two Souls™",PS4,$11.99,60,$29.99,4.64,7704
"Binary Domain",PS3,$9.99,50,$19.99,4.4,4593
"Blackwood Crossing",PS4,$9.59,40,$15.99,4.17,92
"Blood Bowl® 2",PS4,$4.99,75,$19.99,3.9,600
"Bomber Crew",PS4,$5.99,60,$14.99,4.4,10
"Brick Breaker",PS4,$1.99,80,$9.99,3.12,97
"Burly Men at Sea","PS Vita",$4.99,50,$9.99,4.25,12
"Burly Men at Sea Maestro Beard Edition",PS4,$7.49,50,$14.99,5,2
"Call of Duty®: Advanced Warfare Gold Edition",PS4,$20.99,65,$59.99,4.29,17126
"Call of Duty®: Advanced Warfare - Season Pass",PS4,$24.99,50,$49.99,4.31,13823
"Call of Duty®: Infinite Warfare - Digital Deluxe",PS4,$59.99,40,$99.99,4.55,5271
"Call of Duty®: Modern Warfare® 3 Ultimate Edition",PS3,$34.99,50,$69.99,4.32,53
"Cardboard Knight Uniform Bundle",PS4,$2.99,40,$4.99,4.5,113
"Carmageddon: Max Damage",PS4,$4.99,75,$19.99,4.21,224
"Carnival Games® VR: Alley Adventure",PS4,$3.99,50,$7.99,3.76,109
"Cars 3: Driven to Win",PS4,$9.99,75,$39.99,3.93,81
"Castlevania Harmony of Despair",PS3,$3.74,75,$14.99,4.77,310
"Castlevania: Lords of Shadow 2",PS3,$9.99,75,$39.99,4.74,882
Chameleon,PSP,$1.19,70,$3.99,2.07,14
"Chaos on Deponia",PS4,$5.99,70,$19.99,4.15,13
"Chicken Assassin: Reloaded",PS4,$4.79,40,$7.99,3.33,3
Claybook,PS4,$8.99,40,$14.99,4.71,7
"Code: Realize ~Bouquet of Rainbows~",PS4,$19.99,60,$49.99,4.58,12
"Commando Chicken Bundle",PS4,$2.99,40,$4.99,3.55,22
"Conception™II: Children of the Seven Stars","PS Vita",$9.99,50,$19.99,4.59,610
Crimsonland,PS4,$4.19,70,$13.99,4.28,1074
"Croixleur Sigma",PS4,$7.49,50,$14.99,4.51,455
"Crossing Souls",PS4,$7.49,50,$14.99,4.58,160
"Danganronpa 2: Goodbye Despair","PS Vita",$9.99,50,$19.99,4.93,562
"Danganronpa Another Episode: Ultra Despair Girls","PS Vita",$11.99,60,$29.99,4.83,260
"Danganronpa: Trigger Happy Havoc","PS Vita",$9.99,50,$19.99,4.9,1187
"Danganronpa V3: Killing Harmony","PS Vita",$23.99,40,$39.99,4.88,8
"Danganronpa V3: Killing Harmony",PS4,$35.99,40,$59.99,4.86,274
"DARIUSBURST Chronicle Saviours","PS Vita",$13.99,65,$39.99,4.65,89
"Darkest Dungeon®: The Crimson Court",PS4,$4.99,50,$9.99,4.86,43
"Darkest Dungeon®: The Shieldbreaker",PS4,$1.99,50,$3.99,4.78,23
"Darksiders: Fury's Collection - War and Death",PS4,$11.99,70,$39.99,4.74,505
"Dead Space™ Ultimate Edition",PS3,$4.99,80,$24.99,4.93,225
"Defiance 2050: Starter Class Pack",PS4,$9.99,50,$19.99,5,1
"Defiance 2050: Ultimate Class Pack",PS4,$24.99,50,$49.99,,
Defunct,PS4,$2.99,80,$14.99,4,4
Deiland,PS4,$5.99,60,$14.99,4.52,21
"Demetrios - The BIG Cynical Adventure","PS Vita",$2.99,70,$9.99,4.75,16
"Demetrios - The BIG Cynical Adventure",PS4,$2.99,70,$9.99,4.19,37
"Dengeki Bunko: Fighting Climax","PS Vita",$11.99,40,$19.99,4.79,216
"Deponia ",PS4,$4.99,75,$19.99,4.17,116
"Destroy All Humans! 2",PS4,$2.99,85,$19.99,4.75,503
"Detective Gallo",PS4,$9.74,35,$14.99,4.75,4
Detention®,PS4,$5.19,60,$12.99,4.76,54
"Deus Ex: Human Revolution™",PS3,$2.99,85,$19.99,4.58,3999
"Deus Ex: Mankind Divided ",PS4,$4.49,85,$29.99,4.27,7896
"Deus Ex: Mankind Divided - A Criminal Past",PS4,$2.99,75,$11.99,4.88,112
"Digimon Story: Cyber Sleuth – Hacker’s Memory","PS Vita",$27.99,30,$39.99,4.2,5
"Dino Dini's Kick Off Revival",PS4,$1.99,80,$9.99,2.36,14
"DiRT Rally",PS4,$7.99,80,$39.99,4.24,1220
"DiRT Rally® PLAYSTATION®VR UPGRADE DLC ADD-ON",PS4,$5.19,60,$12.99,4.1,266
"Dishonored 2",PS4,$13.19,67,$39.99,4.63,2610
"Dogfight 1942",PS3,$1.99,80,$9.99,4.33,255
"DRAGON BALL FIGHTERZ - Ultimate Edition",PS4,$65.99,40,$109.99,4.9,525
"DRAGON QUEST BUILDERS",PS4,$29.99,50,$59.99,4.69,842
"Dragon Quest Builders","PS Vita",$19.99,50,$39.99,4.37,363
"DRAGON QUEST HEROES: Digital Slime Edition",PS4,$21.49,50,$42.99,4.72,71
"DRAGON QUEST HEROES II™ Explorer's Edition",PS4,$29.99,50,$59.99,4.62,347
"Dragon Sinker","PS Vita",$8.99,40,$14.99,,
Dreamals,PS4,$0.99,80,$4.99,3.91,109
"Dreamals: Dream Quest",PS4,$1.99,80,$9.99,3.9,21
DreamBreak,PS4,$1.99,80,$9.99,3.5,6
"Duck Game",PS4,$5.19,60,$12.99,4.44,118
"Dungeon Rushers",PS4,$7.49,50,$14.99,3.6,5
"Dungeon Travelers 2: The Royal Library & The Monster Seal","PS Vita",$9.99,50,$19.99,4.9,151
"DYNASTY WARRIORS 8 Empires",PS4,$24.99,50,$49.99,4.46,835
"Earth Atlantis",PS4,$5.99,60,$14.99,4.86,7
"Eliosi's Hunt",PS4,$1.49,70,$4.99,2.57,23
"Elminage Original™",PSP,$2.99,80,$14.99,4.42,104
"Ender of Fire",PS4,$2.99,80,$14.99,2.67,412
"End Space",PS4,$5.99,70,$19.99,3.54,74
"Enemy Front",PS3,$3.99,90,$39.99,3.77,231
"ENSLAVED™: Odyssey to the West™ Premium Edition",PS3,$4.99,75,$19.99,4.73,391
"Euro Fishing: Foundry Dock",PS4,$5.49,50,$10.99,4.38,26
"Euro Fishing: Season Pass US Edition ",PS4,$12.49,50,$24.99,4.71,14
Evasion,PS4,$29.99,25,$39.99,4.11,28
"Eventide Collection",PS4,$17.99,50,$35.99,,
"EVERSPACE™ - Encounters",PS4,$5.99,40,$9.99,4.55,20
"Everybody's Golf: Pine Hills Golf Club",PS4,$3.24,50,$6.49,3.12,17
Expand,PS4,$2.99,50,$5.99,4.36,11
"Expand + Soundtrack Bundle",PS4,$3.99,60,$9.99,5,1
"Explosive Weapon Pack",PS4,$1.19,70,$3.99,4.51,378
"Fairy Fencer F",PS3,$3.99,60,$9.99,4.86,214
Farpoint,PS4,$7.99,60,$19.99,4.54,302
Fate/EXTELLA,"PS Vita",$17.99,40,$29.99,5,6
"Fear Effect Sedna",PS4,$4.99,75,$19.99,3.82,22
"Fenix Furia",PS4,$2.24,85,$14.99,4.32,19
"FIGHTING EX LAYER (Light Version)",PS4,$19.99,50,$39.99,4.77,39
"FINAL FANTASY TYPE-0™ HD",PS4,$9.99,50,$19.99,4.4,1567
"FINAL FANTASY® XIII-2",PS3,$7.49,50,$14.99,4.81,799
"FINAL FANTASY X/X-2 HD Remaster","PS Vita",$12.49,50,$24.99,4.88,1291
Flinthook,PS4,$7.49,50,$14.99,4.46,134
"Forgotton Anne",PS4,$13.99,30,$19.99,4.56,41
forma.8,PS4,$1.99,80,$9.99,3.91,950
Frantics,PS4,$9.99,50,$19.99,3.92,38
"French Supply Drop Bundle",PS4,$10.49,30,$14.99,,
"Frozen Synapse Prime","PS Vita",$1.99,90,$19.99,4.52,128
"Futuridium EP Deluxe",PS4,$1.99,80,$9.99,3.64,2178
"FU'UN SUPER COMBO™",PS4,$5.99,60,$14.99,4.56,122
"Gauntlet: Slayer Edition",PS4,$4.99,75,$19.99,4.29,12764
"Gem Smashers","PS Vita",$2.99,70,$9.99,5,1
"Gem Smashers",PS4,$3.89,70,$12.99,3,9
Ghostbusters™,PS4,$14.99,70,$49.99,3.78,133
"Goat Simulator DLC Bundle",PS4,$4.99,75,$19.99,3.76,42
"Goat Simulator: Waste of Space",PS4,$1.24,75,$4.99,4.39,933
"God of War: Ascension Ultimate Edition",PS3,$4.49,85,$29.99,,
"God of War®: Collection PS Vita","PS Vita",$2.24,85,$14.99,4.47,1440
"GOD WARS Future Past",PS4,$14.99,50,$29.99,4.44,52
"Gravity Rush™ Remastered",PS4,$8.99,70,$29.99,4.78,3955
"Grim Legends 3: The Dark City",PS4,$7.49,50,$14.99,4.38,8
"Grim Legends 3: The Dark City Deluxe",PS4,$9.99,50,$19.99,,
"Grim Legends Collection",PS4,$17.99,50,$35.99,4.5,2
"Guacamelee! Bundle Fantástico",PS3,$7.99,60,$19.99,4.69,167
"Guacamelee! - Costume Pack 1",PS3,$0.49,75,$1.99,4.93,104
"Guilty Gear Xrd REV 2",PS4,$15.99,60,$39.99,4.76,110
Gunjack,PS4,$2.49,50,$4.99,4.08,344
"Guns, Gore and Cannoli",PS4,$4.99,50,$9.99,4.55,1135
"Guns of Icarus Alliance: PS4™ Edition",PS4,$2.24,85,$14.99,4.42,43
"Hakuoki: Edo Blossoms","PS Vita",$7.99,80,$39.99,5,1
"Hakuoki: Kyoto Winds","PS Vita",$5.99,80,$29.99,5,2
"Hasbro Family Fun Pack",PS4,$15.99,60,$39.99,3.76,177
"Hatsune Miku: Project DIVA f","PS Vita",$11.99,20,$14.99,3.58,98
"Hatsune Miku: Project DIVA F 2nd","PS Vita",$15.99,20,$19.99,4.93,395
"Hatsune Miku: Project DIVA X","PS Vita",$19.79,34,$29.99,4.79,117
"Hatsune Miku: VR Future Live Season Pass",PS4,$19.99,50,$39.99,4.17,41
"Hazmat Suit Bundle",PS4,$2.99,40,$4.99,4.53,32
Headlander,PS4,$7.99,60,$19.99,4.53,429
"Heavy Rain",PS4,$11.99,60,$29.99,4.65,3609
"HELLDIVERS™ A New Hell Edition",PS4,$7.99,60,$19.99,4.52,23027
"HELLDIVERS™ SUPER-EARTH ULTIMATE EDITION",PS3,$15.99,60,$39.99,5,9
"Hero Defense",PS4,$11.99,60,$29.99,5,4
"Heroes of the Monkey Tavern",PS4,$3.99,60,$9.99,4.5,20
"Hidden Agenda",PS4,$4.99,50,$9.99,4.12,474
"HITMAN™ 2 - Gold Edition",PS4,$79.99,20,$99.99,4.79,43
"Horizon Chase Turbo - Soundtrack",PS4,$3.24,35,$4.99,4.5,4
"Hotel Transylvania 3 Monsters Overboard",PS4,$11.99,60,$29.99,3.75,8
Hue,PS4,$2.99,80,$14.99,4.41,1326
"Hunter's Legacy",PS4,$2.79,60,$6.99,4.19,31
"Hydrophobia: Prophecy",PS3,$0.49,75,$1.99,3.7,2794
"Hyperdimension Neptunia mk2",PS3,$3.99,60,$9.99,4.84,724
"Hyperdimension Neptunia ReBirth1","PS Vita",$5.99,70,$19.99,4.8,847
"Hyperdimension Neptunia ReBirth2","PS Vita",$5.99,70,$19.99,4.88,309
"Hyperdimension Neptunia Victory",PS3,$3.99,60,$9.99,4.88,671
"I am Bread",PS4,$3.89,70,$12.99,4.07,2672
INFERNIUM,PS4,$2.49,90,$24.99,3.88,8
"Inferno Pool",PS3,$0.74,75,$2.99,3.62,1086
Infinifactory,PS4,$12.49,50,$24.99,4.52,73
"Jak and Daxter: The Precursor Legacy®",PS3,$3.19,60,$7.99,4.81,1226
"Jak II",PS4,$5.99,60,$14.99,4.72,442
Jettomero,PS4,$5.84,55,$12.99,4.91,11
"Just Cause 3",PS4,$5.99,70,$19.99,4.4,24226
"Just Cause 3 - Rocket Launcher Sports Car",PS4,$0.59,70,$1.99,4.63,285
"Just Cause 4 - Digital Deluxe Edition",PS4,$52.49,25,$69.99,4.08,24
"Just Cause 4 - Standard Edition",PS4,$47.99,20,$59.99,3.66,143
"Just Dance® 2015",PS4,$11.99,60,$29.99,4.46,742
"Just Dance® 2017 Gold Edition",PS4,$19.99,60,$49.99,4.67,18
"Justice League VR: The Complete Experience",PS4,$5.99,40,$9.99,3.23,30
"Kane & Lynch 2: Dog Days",PS3,$2.99,80,$14.99,4.3,371
"Kane & Lynch 2: Dog Days Alliance Weapon Pack",PS3,$0.59,80,$2.99,4.68,145
"Kane & Lynch 2: Dog Days Multiplayer Masks Pack",PS3,$0.49,75,$1.99,4.51,122
"Kane & Lynch 2: Dog Days The Doggie Bag",PS3,$1.49,75,$5.99,4.67,146
"Ken Follett's The Pillars of the Earth",PS4,$11.99,70,$39.99,4.64,14
"KINGDOM HEARTS HD 2.8 FINAL CHAPTER PROLOGUE ",PS4,$41.99,30,$59.99,4.82,2215
"King Oddball",PS3,$1.49,70,$4.99,4.58,65
"Knowledge is Power",PS4,$4.99,50,$9.99,3.94,284
"Kyurinaga's Revenge",PS4,$2.99,70,$9.99,3.4,15
"LA Cops",PS4,$3.74,75,$14.99,3.87,361
"Lara Croft and the Guardian of Light",PS3,$2.99,80,$14.99,4.55,208
"Lara Croft and the Guardian of Light Challenge Pack 1",PS3,$0.69,80,$3.49,4.53,128
"Lara Croft and the Guardian of Light Challenge Pack 2",PS3,$0.69,80,$3.49,4.66,432
"Lara Croft and the Guardian of Light Challenge Pack 3",PS3,$0.69,80,$3.49,4.61,94
"Last Day of June",PS4,$7.99,60,$19.99,4.39,54
"LEGO® Batman™ 3: Beyond Gotham Deluxe Edition",PS4,$10.49,70,$34.99,4.59,300
"LEGO® Marvel Super Heroes 2",PS4,$17.99,70,$59.99,4.57,549
"LEGO® Star Wars™: The Force Awakens",PS4,$5.99,70,$19.99,4.59,1554
"Let's Sing 2018",PS4,$27.99,30,$39.99,3.67,3
"Let's Sing 2018 - Platinum Edition",PS4,$38.49,30,$54.99,,
"Letter Quest Remastered",PS4,$1.99,80,$9.99,4.16,534
"Lichdom: Battlemage",PS4,$5.99,80,$29.99,2.59,287
"Life is Strange: Before the Storm Deluxe Edition",PS4,$7.49,70,$24.99,4.82,320
"LIGHTNING RETURNS™:FINAL FANTASY® XIII",PS3,$9.99,50,$19.99,4.76,1170
Linelight,PS4,$2.99,70,$9.99,4.66,53
"Loading Human: Chapter 1",PS4,$9.99,75,$39.99,3.42,72
"London Bobby Briar Uniform Bundle",PS4,$2.99,40,$4.99,4.83,18
"Lost Sea",PS4,$2.99,80,$14.99,3.78,41
"Lovely Planet",PS4,$0.49,95,$9.99,4.1,52
"Magicka 2",PS4,$4.49,70,$14.99,4.31,10148
MAIZE,PS4,$4.99,75,$19.99,4.09,70
"Mamorukun Curse!",PS3,$1.49,70,$4.99,4.88,170
"Mantis Burn Racing",PS4,$4.49,70,$14.99,4.13,90
Marooners,PS4,$2.99,70,$9.99,3,5
"Mary Skelter: Nightmares","PS Vita",$7.99,80,$39.99,5,12
"Masquerada: Songs and Shadows",PS4,$5.99,70,$19.99,4.45,11
"Megadimension Neptunia VIIR",PS4,$17.99,70,$59.99,4.75,52
"MegaTagmension Blanc + Neptune VS Zombies","PS Vita",$5.99,70,$19.99,4.8,232
"MeiQ: Labyrinth of Death","PS Vita",$2.99,70,$9.99,4.63,24
"Metal Gear Online All Appeal Pack",PS3,$3.49,50,$6.99,5,3
"METAL GEAR ONLINE BASIC APPEAL PACK",PS3,$0.99,50,$1.99,5,2
"Metal Gear Online Basic Appeal Pack",PS4,$0.99,50,$1.99,4.78,32
"METAL GEAR ONLINE BATTLE APPEAL PACK",PS3,$0.99,50,$1.99,5,2
"Metal Gear Online Battle Appeal Pack",PS4,$0.99,50,$1.99,5,28
"METAL GEAR ONLINE COMPLETE BUNDLE",PS4,$5.49,50,$10.99,,
"METAL GEAR ONLINE DANCE APPEAL PACK",PS3,$0.99,50,$1.99,4.75,4
"Metal Gear Online Dance Appeal Pack",PS4,$0.99,50,$1.99,4.68,41
"METAL GEAR ONLINE HERO APPEAL PACK",PS3,$0.99,50,$1.99,4.75,4
"Metal Gear Online Hero Appeal Pack",PS4,$0.99,50,$1.99,4.92,25
"Metal Gear Solid 3: Snake Eater - HD Edition PS Vita","PS Vita",$3.74,75,$14.99,2.97,105
"Metal Gear Solid: Peace Walker - HD Edition",PS3,$4.99,75,$19.99,4.82,689
"METAL GEAR SOLID V: GROUND ZEROES",PS4,$4.99,75,$19.99,4.37,53147
"METAL GEAR SOLID V: THE PHANTOM Fatigues (All-Purpose Dryland)",PS3,$0.49,50,$0.99,4.78,9
"METAL GEAR SOLID V: THE PHANTOM PAIN - Adam-ska Special",PS4,$0.49,50,$0.99,4.73,251
"METAL GEAR SOLID V: THE PHANTOM PAIN - Adam-ska Special",PS3,$0.49,50,$0.99,4.47,70
"METAL GEAR SOLID V: THE PHANTOM PAIN - AM MRS-4 GOLD",PS4,$0.49,50,$0.99,4.81,265
"METAL GEAR SOLID V: THE PHANTOM PAIN - Bionic arm (Gold)",PS3,$0.49,50,$0.99,2.92,13
"METAL GEAR SOLID V: THE PHANTOM PAIN - Costume & Tack Pack",PS3,$2.49,50,$4.99,4.94,52
"METAL GEAR SOLID V: THE PHANTOM PAIN - Emblem 'VENOM SNAKE'",PS3,$0.49,50,$0.99,4.75,8
"METAL GEAR SOLID V: THE PHANTOM PAIN - Emblem 'VENOM SNAKE'",PS4,$0.49,50,$0.99,4.74,81
"METAL GEAR SOLID V: THE PHANTOM PAIN - Fatigues (Black Ocelot)",PS3,$0.49,50,$0.99,4.95,20
"METAL GEAR SOLID V: THE PHANTOM PAIN - Fatigues (Blue Urban)",PS3,$0.49,50,$0.99,4.67,61
"METAL GEAR SOLID V: THE PHANTOM PAIN - Fatigues (Blue Urban)",PS4,$0.49,50,$0.99,4.75,119
"METAL GEAR SOLID V: THE PHANTOM PAIN - Fatigues (Gray Urban)",PS4,$0.49,50,$0.99,4.43,60
"METAL GEAR SOLID V: THE PHANTOM PAIN - Fatigues (Gray Urban)",PS3,$0.49,50,$0.99,4.92,12
"METAL GEAR SOLID V: THE PHANTOM PAIN - Fatigues (Naked Snake)",PS3,$0.49,50,$0.99,4.71,34
"METAL GEAR SOLID V: THE PHANTOM PAIN - Fatigues (Naked Snake)",PS4,$0.49,50,$0.99,4.74,367
"METAL GEAR SOLID V: THE PHANTOM PAIN - Jumpsuit (EVA)",PS3,$0.49,50,$0.99,4.72,29
"METAL GEAR SOLID V: THE PHANTOM PAIN - Metal Gear Rex Helmet",PS3,$0.49,50,$0.99,4.33,6
"METAL GEAR SOLID V: THE PHANTOM PAIN - Mother Base Staff 3",PS4,$0.49,50,$0.99,4.86,88
"METAL GEAR SOLID V: THE PHANTOM PAIN - Mother Base Staff 4",PS3,$0.49,50,$0.99,4.88,8
"METAL GEAR SOLID V: THE PHANTOM PAIN - Mother Base Staff 4",PS4,$0.49,50,$0.99,4.8,136
"METAL GEAR SOLID V: THE PHANTOM PAIN - Parade Tack",PS4,$0.49,50,$0.99,4.43,90
"METAL GEAR SOLID V: THE PHANTOM PAIN - Tuxedo",PS3,$0.49,50,$0.99,4.92,24
"METAL GEAR SOLID V: THE PHANTOM PAIN - Western Tack",PS3,$0.49,50,$0.99,4.75,16
"METAL GEAR SOLID V: THE PHANTOM PAIN - Western Tack",PS4,$0.49,50,$0.99,4.53,120
"METAL SLUG 3","PS Vita",$5.99,60,$14.99,4.55,199
MINIT,PS4,$6.69,33,$9.99,4.67,46
Minutes™,PS4,$1.49,70,$4.99,3.96,52
"MLB® The Show™ 17 All Star Edition",PS4,$11.99,60,$29.99,,
"MLB® The Show™ 17 Digital Deluxe Edition",PS4,$23.99,60,$59.99,4.88,280
"Momodora: Reverie Under the Moonlight",PS4,$4.99,50,$9.99,4.75,430
"Monster Monpiece™","PS Vita",$2.99,70,$9.99,4.72,1041
"Moonfall Ultimate",PS4,$6.49,50,$12.99,4,7
MOTHERGUNSHIP,PS4,$12.49,50,$24.99,4.83,6
MotoGP™14,"PS Vita",$4.99,75,$19.99,4.01,123
"Motorcycle Club",PS4,$3.99,80,$19.99,2.91,106
"Mr. Shifty",PS4,$1.49,90,$14.99,4.25,12
"Mugen Souls",PS3,$3.99,60,$9.99,4.66,173
"Mugen Souls Z",PS3,$3.99,60,$9.99,4.62,304
Mulaka,PS4,$9.99,50,$19.99,4.39,18
"MURDERED: SOUL SUSPECT™",PS3,$1.49,90,$14.99,4.61,213
"NBA 2KVR Experience",PS4,$7.49,50,$14.99,2.89,74
"Nine Parchments",PS4,$4.99,75,$19.99,3.82,28
"NOBUNAGA'S AMBITION: Sphere of Influence - Ascension",PS4,$29.99,50,$59.99,4.57,51
"NOBUNAGA'S AMBITION: Taishi Deluxe Edition",PS4,$53.99,40,$89.99,4.5,2
"N Plus Plus (N++)",PS4,$7.49,50,$14.99,4.64,1030
"Nurse Love Addiction","PS Vita",$29.99,25,$39.99,4.75,4
"Oddworld: New 'n' Tasty",PS3,$4.99,75,$19.99,4.71,309
"Oddworld: New 'n' Tasty",PS4,$4.99,75,$19.99,4.36,15521
"Oh My Godheads",PS4,$8.99,40,$14.99,3,2
OlliOlli,PS3,$3.24,75,$12.99,4.39,1415
"OlliOlli2: Welcome to Olliwood",PS4,$3.74,75,$14.99,3.99,9178
"OlliOlli: Epic Combo Edition",PS4,$5.39,80,$26.99,5,1
"Overlord: Fellowship of Evil",PS4,$6.57,72,$23.49,3.51,346
Owlboy,PS4,$12.49,50,$24.99,4.42,43
"Pajama Bundle",PS4,$2.99,40,$4.99,4,4
"Peggle 2 Magical Masters Edition",PS4,$2.99,80,$14.99,4.77,218
"Persona®4 Arena™",PS3,$8.99,40,$14.99,4.76,1315
"Persona®4 Arena™ Ultimate Edition",PS3,$14.99,50,$29.99,4.73,104
"Personal Ballistic Shield (Gold)",PS3,$0.49,50,$0.99,5,4
"Personal Ballistic Shield (Gold)",PS4,$0.49,50,$0.99,4.83,36
"Personal Ballistic Shield (Olive Drab)",PS4,$0.49,50,$0.99,4.72,50
"Personal Ballistic Shield (Olive Drab)",PS3,$0.49,50,$0.99,4.43,7
"Personal Ballistic Shield (Silver)",PS3,$0.49,50,$0.99,4.68,34
"Personal Ballistic Shield (White)",PS4,$0.49,50,$0.99,4.83,36
"Personality and Psychology Premium",PS4,$3.59,60,$8.99,1.83,6
"Pierhead Arcade",PS4,$5.99,60,$14.99,4.05,21
"PixelJunk™ Monsters 2 Deluxe Edition",PS4,$10.99,50,$21.99,4.92,25
"PixelJunk Monsters: Ultimate HD","PS Vita",$1.49,85,$9.99,4.36,1570
"PixelJunk™ Nom Nom Galaxy",PS4,$2.24,85,$14.99,4,4455
"Pixel Piracy",PS4,$5.99,60,$14.99,2.94,552
"Pixel Ripped 1989",PS4,$12.49,50,$24.99,4.58,36
"Plague Inc: Evolved",PS4,$4.49,70,$14.99,4.56,598
"Plutobi : The Dwarf Planet Tales",PS4,$2.99,80,$14.99,5,1
"Poker Mega Pack",PS4,$13.49,70,$44.99,,
"Pool Nation ",PS3,$1.49,75,$5.99,4.54,112
"Power Bundle (2017)",PS4,$26.24,25,$34.99,4.21,48
"Prison Architect: Psych Ward DLC",PS4,$1.99,50,$3.99,4.11,103
"PRO EVOLUTION SOCCER 2019 DAVID BECKHAM EDITION",PS4,$34.99,50,$69.99,3.33,6
"Project CARS 2 Deluxe Edition",PS4,$44.99,50,$89.99,4.05,66
"Project CARS: Complete Edition",PS4,$19.99,50,$39.99,4.49,129
"Project Root","PS Vita",$2.49,75,$9.99,3.38,65
[PROTOTYPE™],PS4,$9.89,67,$29.99,4.55,1389
Prototype®2,PS4,$9.99,75,$39.99,4.69,1626
"Prototype Franchise Bundle",PS3,$9.99,75,$39.99,4.39,23
Pyre,PS4,$7.99,60,$19.99,4.57,169
"Raiden V: Director's Cut",PS4,$10.49,70,$34.99,4.88,25
"Rainbow Moon",PS3,$2.99,80,$14.99,4.71,358
"Rainbow Moon","PS Vita",$2.99,80,$14.99,4.47,1116
"Rainbow Skies",PS4,$14.99,50,$29.99,4.71,7
"Raining Coins",PS4,$2.39,60,$5.99,4,2
"Rain World",PS4,$7.99,60,$19.99,4.25,225
"Rasp Short-Barreled Shotgun (Gold)",PS3,$0.49,50,$0.99,5,3
"Ratchet & Clank®",PS3,$5.99,60,$14.99,4.8,507
"Rayon Riddles - Rise of the Goblin King",PS4,$2.99,75,$11.99,3.67,6
Rememoried,PS4,$4.49,70,$14.99,3.67,3
"Resonance of Fate",PS3,$9.99,50,$19.99,4.67,178
Reus,PS4,$2.99,80,$14.99,3.56,36
Reverie,PS4,$7.79,40,$12.99,4.35,17
RIDE,PS4,$14.99,75,$59.99,4.25,607
"River City Super Sports Challenge ~All Stars Special~",PS3,$3.74,85,$24.99,4.81,21
"Rocket League® - Aftershock",PS4,$0.99,50,$1.99,4.18,1095
"Rocket League® - Esper",PS4,$0.99,50,$1.99,4.17,654
"Rocket League® - Proteus",PS4,$0.99,50,$1.99,4.11,328
"Rogue Trooper Redux",PS4,$7.49,70,$24.99,4.44,25
"Romancing SaGa 2","PS Vita",$18.74,25,$24.99,5,3
"RTK13: Fame and Strategy Expansion Pack",PS4,$17.49,50,$34.99,5,5
Ruiner,PS4,$9.99,50,$19.99,4.64,410
"Scribblenauts Showdown",PS4,$19.99,50,$39.99,4.1,21
"Secret of Mana",PS4,$19.99,50,$39.99,4.57,843
"Secret of Mana","PS Vita",$14.99,50,$29.99,,
"SEUM: Speedrunners from Hell",PS4,$5.99,60,$14.99,2,5
Severed,"PS Vita",$7.49,50,$14.99,4.82,859
"Shantae and the Pirate's Curse",PS4,$12.99,35,$19.99,4.82,801
"Shantae: Costume Pack",PS4,$3.99,50,$7.99,5,8
"Shantae: Half-Genie Hero",PS4,$9.99,50,$19.99,4.8,774
"Shape of the World",PS4,$7.49,50,$14.99,3.67,12
"Shaq-Fu: A Legend Reborn",PS4,$9.99,50,$19.99,4.38,34
Sheltered,PS4,$3.74,75,$14.99,4.57,94
"Sherlock Holmes : The Devil's Daughter",PS4,$9.99,80,$49.99,4.18,197
"Shikhondo - Soul Eater ",PS4,$4.75,66,$13.99,4.89,18
"Shining Resonance Refrain",PS4,$24.99,50,$49.99,4.63,27
Shio,PS4,$5.19,60,$12.99,4.83,6
"Shovel Knight: Specter of Torment",PS4,$7.99,20,$9.99,3.8,30
"Shred It!",PS4,$2.49,75,$9.99,3.77,13
Silence,PS4,$10.19,66,$29.99,4.69,13
Siralim,"PS Vita",$1.49,85,$9.99,4.39,67
Siralim,PS4,$1.49,85,$9.99,4.24,235
"Siralim 2","PS Vita",$2.24,85,$14.99,5,3
"Skyrim Special Edition + Fallout 4 G.O.T.Y. Bundle",PS4,$51.99,35,$79.99,4.67,12
"Söldner-X 2: Final Prototype","PS Vita",$0.99,90,$9.99,4.78,134
"Söldner-X 2: Final Prototype Complete Bundle","PS Vita",$1.29,90,$12.99,3.8,10
"Slime-san: Superslime Edition",PS4,$7.49,50,$14.99,4,2
"Smashbox Arena",PS4,$2.49,75,$9.99,4.61,36
"Sneaking Suit (The Boss)",PS3,$0.49,50,$0.99,4.68,40
"Sniper Elite 3 Season Pass",PS4,$11.99,60,$29.99,4.28,294
Socketeer,PS4,$4.99,50,$9.99,4,3
"Soldner-X 2: Final Prototype",PS3,$0.99,90,$9.99,4.61,1415
"Songbringer Bundle",PS4,$5.99,70,$19.99,3.75,4
"South Park™: The Fractured but Whole™ Gold Edition",PS4,$26.99,70,$89.99,4.85,370
"Space Hulk®: Deathwing™ - Enhanced Edition",PS4,$19.99,50,$39.99,3.87,102
"SPACE RIFT - Episode 1",PS4,$5.99,70,$19.99,3.15,60
Spellspire,"PS Vita",$3.99,60,$9.99,2,1
"Sprint Vector",PS4,$11.99,60,$29.99,4.49,97
"Standard Supply Drop",PS4,$4.19,30,$5.99,,
"Stardust Galaxy Warriors: Stellar Climax",PS4,$3.49,65,$9.99,4.66,53
"STAR OCEAN : INTEGRITY AND FAITHLESSNESS",PS4,$14.99,50,$29.99,4.36,2003
"STAR WARS™  Battlefront™ Ultimate Edition",PS4,$5.99,70,$19.99,4.1,4883
"Strikers Edge",PS4,$7.49,50,$14.99,3.4,5
"SUPERBEAT: XONiC",PS4,$8.99,70,$29.99,4.64,22
"Super Cloudbuilt",PS4,$5.99,70,$19.99,4.08,24
"Superdimension Neptune VS Sega Hard Girls","PS Vita",$5.99,70,$19.99,4.71,73
"Surviving Mars - Digital Deluxe Edition",PS4,$23.99,40,$39.99,5,2
"Surviving Mars - First Colony Edition",PS4,$32.49,50,$64.99,4.17,6
SwapQuest,PS4,$0.99,90,$9.99,2.67,6
"Tales From Space: Mutant Blobs Attack",PS3,$1.59,80,$7.99,4.72,61
"Tales from Space: Mutant Blobs Attack - Delicious Bundle",PS3,$2.29,80,$11.49,4.78,9
"Talisman: Digital Edition","PS Vita",$7.49,75,$29.99,5,2
"Tanaka Biker Uniform Bundle",PS4,$2.99,40,$4.99,4.47,98
"Team17 Variety Pack",PS4,$2.49,90,$24.99,,
"Tears to Tiara II™: Heir of the Overlord",PS3,$9.99,50,$19.99,4.63,113
"Tennis World Tour - Legends Bonus Pack",PS4,$9.99,50,$19.99,3.33,3
"Tennis World Tour - Legends Edition",PS4,$37.49,50,$74.99,2.76,21
"Tesla vs Lovecraft",PS4,$5.99,60,$14.99,4.59,32
"The Bridge",PS3,$1.89,81,$9.99,4.27,105
"the Castle Game",PS4,$3.74,75,$14.99,4.14,284
"The Coma: Recut - Deluxe Edition",PS4,$3.59,85,$23.99,5,10
"The Crew® Ultimate Edition",PS4,$16.49,67,$49.99,4.6,221
"The Escapists: Supermax Edition",PS4,$6.24,75,$24.99,4.58,19
"The Escapists: The Walking Dead",PS4,$4.99,75,$19.99,4.11,305
"The Evil Within",PS4,$9.99,50,$19.99,4.48,9859
"The Final Station",PS4,$1.49,90,$14.99,4.31,140
"The Girl and the Robot",PS4,$8.24,45,$14.99,3.33,9
"The Golf Club 2™",PS4,$9.99,75,$39.99,4.13,143
"The Guided Fate Paradox Full Game",PS3,$4.49,70,$14.99,4.7,125
"The Heavy Rain™ & BEYOND: Two Souls™ Collection",PS4,$15.99,60,$39.99,4.9,572
"The Infectious Madness of Doctor Dekker",PS4,$6.49,50,$12.99,4.44,18
"The Inpatient",PS4,$11.99,40,$19.99,3.5,248
"THE KING OF FIGHTERS ’97 GLOBAL MATCH",PS4,$5.99,60,$14.99,4.89,35
"The King of Fighters XIV: 4 Character Bundle Pack",PS4,$13.99,30,$19.99,4.8,785
"The King of Fighters XIV: 4 Character Bundle Pack 2",PS4,$13.99,30,$19.99,4.87,67
"THE LAST BLADE 2",PS4,$5.99,60,$14.99,4.74,683
"The LEGO® Movie Videogame",PS4,$7.99,60,$19.99,4.33,2776
"The Little Acre",PS4,$2.59,80,$12.99,4.41,160
"The Magic Circle: Gold Edition",PS4,$3.99,80,$19.99,4.51,99
"The Path of Motus",PS4,$9.74,35,$14.99,5,1
"The Pure Bundle",PS4,$11.99,70,$39.99,,
"The Sims™ 4 City Living",PS4,$19.99,50,$39.99,4.6,293
"The Spectrum Retreat",PS4,$6.49,50,$12.99,3.4,5
"The Swindle",PS4,$2.99,80,$14.99,3.63,682
"The Swindle",PS3,$2.99,80,$14.99,4.29,199
"The Town of Light",PS4,$7.99,60,$19.99,4.19,97
"The UnderGarden™",PS3,$1.49,70,$4.99,4.25,51
"The Witch and the Hundred Knight",PS3,$7.99,60,$19.99,4.67,63
"The Witch and the Hundred Knight: Revival Edition",PS4,$11.99,60,$29.99,4.69,303
"This is the Police",PS4,$2.99,85,$19.99,3.99,126
Thumper,PS4,$5.99,70,$19.99,4.71,912
"Tina's Toy Factory",PS4,$0.89,70,$2.99,3.73,104
"Tiny Troopers Joint Ops Complete Bundle",PS3,$1.59,80,$7.99,4.84,19
"Tokyo Tattoo Girls","PS Vita",$7.99,60,$19.99,4,1
"Tom Clancy’s The Division™",PS4,$14.99,70,$49.99,4.34,35015
"Tom Clancy's The Division® Premium Credits Edition",PS4,$32.99,50,$65.99,,
Torn,PS4,$14.99,50,$29.99,3.65,34
"Toto Temple Deluxe",PS4,$2.49,75,$9.99,4.37,51
"Touhou Double Focus",PS4,$1.99,80,$9.99,4.35,83
"Touhou Double Focus","PS Vita",$1.99,80,$9.99,4.5,2
"Touhou Genso Wanderer","PS Vita",$20.99,30,$29.99,5,3
"Touhou Kobuto V: Burst Battle","PS Vita",$5.99,70,$19.99,5,1
Transcripted,PS4,$4.79,40,$7.99,4.13,8
"Trine Bundle",PS4,$7.49,75,$29.99,4.78,166
"Trine Enchanted Edition",PS4,$2.24,85,$14.99,4.63,1294
"Trove - Double Dragon Pack",PS4,$5.99,70,$19.99,3.5,395
"Trove - Dynomighty Miner",PS4,$2.99,40,$4.99,4.17,6
"Trove - Geode Companion Pack 1",PS4,$9.99,50,$19.99,,
Tumblestone,PS4,$4.74,81,$24.99,4.5,12
"UbiArt Game Bundle","PS Vita",$17.99,55,$39.99,4.95,19
"Ultimate Action Triple Pack",PS3,$8.99,70,$29.99,4.78,131
"Unearthing Mars",PS4,$5.99,60,$14.99,2.95,188
"Urban Trial Freestyle",PS3,$2.09,70,$6.99,4.48,141
"Urban Trial Freestyle","PS Vita",$2.09,70,$6.99,4.23,2194
"URBAN TRIAL FREESTYLE",PS3,$3.29,70,$10.99,4.17,124
"Utawarerumono: Mask of Truth","PS Vita",$14.99,50,$29.99,,
"Vegas Party",PS4,$7.49,70,$24.99,1,5
"Vegas Party","PS Vita",$5.99,70,$19.99,,
"Virry VR: Feel the Wild",PS4,$1.99,80,$9.99,3.16,111
"Virry VR: Wild Encounters",PS4,$3.99,80,$19.99,3.8,5
"VIRTUA FIGHTER 5 FINAL SHOWDOWN",PS3,$7.49,50,$14.99,4.4,2714
"Virtua Fighter 5 Final Showdown Complete Edition",PS3,$14.99,50,$29.99,4.91,399
"Waddle Home",PS4,$2.49,75,$9.99,4,33
"Waking Violet",PS4,$4.19,40,$6.99,,
"Warhammer 40,000: Inquisitor - Martyr | Imperium edition",PS4,$51.99,35,$79.99,4.23,13
"WARRIORS ALL-STARS",PS4,$29.99,50,$59.99,4.56,18
"Warriors of the Lost Empire",PSP,$1.79,70,$5.99,3.97,123
"Wasteland Bundle",PS4,$2.99,40,$4.99,4.33,9
"Watch Dogs 2",PS4,$17.99,70,$59.99,4.44,6627
"Watch Dogs 2 - Deluxe Edition",PS4,$20.99,70,$69.99,4.7,469
"Watch Dogs™ Gold Edition",PS4,$24.99,50,$49.99,4.83,3857
"Wild Turkey Hunter",PS4,$5.99,60,$14.99,3.63,16
"Windurger S333 Combat Special",PS4,$0.49,50,$0.99,4.77,110
"World of Tanks - Warriors Mega",PS4,$50.99,40,$84.99,,
"WRC 5 eSports Edition",PS4,$6.99,80,$34.99,3.97,145
"WRC 6",PS4,$14.99,70,$49.99,3.97,59
"WRC Collection",PS4,$43.99,60,$109.99,3.5,4
Wuppo,PS4,$7.99,60,$19.99,3.4,5
"Xenon Valkyrie+",PS4,$4.99,50,$9.99,4.23,26
Xenoraid,"PS Vita",$1.99,80,$9.99,4.43,7
"X-Morph: Defense European Assault",PS4,$1.99,60,$4.99,4.8,5
"X-Morph: Defense Survival Of The Fittest",PS4,$1.99,60,$4.99,5,1
"Yoku's Island Express",PS4,$9.99,50,$19.99,4.47,15
"Yomawari: Night Alone","PS Vita",$13.99,30,$19.99,5,40
Yooka-Laylee,PS4,$9.99,75,$39.99,4.29,769
"Yu-Gi-Oh! ARC-V Gong v. Kit",PS4,$1.99,60,$4.99,4.68,53
"Yu-Gi-Oh! ARC-V Yuto v. Sylvio",PS4,$1.99,60,$4.99,4.46,123
"Yu-Gi-Oh! Duelist Kingdom",PS4,$1.99,60,$4.99,4.41,341
"Yu-Gi-Oh! Legacy of the Duelist! 5D’s For the Future",PS4,$1.99,60,$4.99,4.59,134
"Zombie Driver HD",PS3,$1.99,80,$9.99,4.37,356
"Zombie Driver HD Complete Edition",PS3,$2.99,80,$14.99,4.31,114
7'scarlet,"PS Vita",$15.99,60,$39.99,,
"8-Bit Armies",PS4,$19.49,35,$29.99,4.64,14
Absolver,PS4,$14.99,50,$29.99,4.29,2132
ABZÛ,PS4,$9.99,50,$19.99,4.49,10312
"ACT IT OUT! A Game of Charades",PS4,$2.09,70,$6.99,3.76,25
"Adam's Venture: Origins",PS4,$2.99,80,$14.99,3.59,120
"Adventure Time Pirates of the Enchiridion",PS4,$11.99,60,$29.99,4.19,16
"Alekhine's Gun",PS4,$7.49,75,$29.99,3.49,106
"Alone With You","PS Vita",$3.49,65,$9.99,4.43,60
"Another World - 20th Anniversary Edition",PS4,$1.19,85,$7.99,4.26,2263
"Apex Construct",PS4,$14.99,50,$29.99,3.72,32
"Asemblance Bundle",PS4,$5.19,60,$12.99,5,1
"Assetto Corsa",PS4,$17.99,40,$29.99,3.73,683
Bastion,"PS Vita",$3.74,75,$14.99,4.82,797
"Batman: Arkham Collection",PS4,$23.99,60,$59.99,4.88,34
"Battlefield™ Hardline Ultimate Edition",PS4,$14.99,75,$59.99,4.58,224
"Battlefield™ V Deluxe Edition",PS4,$39.99,50,$79.99,,
"Battlefield™ V Deluxe Edition Upgrade",PS4,$5.99,70,$19.99,,
"Battlefield World War Bundle",PS4,$34.99,65,$99.99,,
"Ben 10",PS4,$7.99,60,$19.99,4.09,22
"BLACK CLOVER: QUARTET KNIGHTS",PS4,$35.99,40,$59.99,4.54,13
"Blacksea Odyssey",PS4,$4.41,66,$12.99,4.5,2
"Broken Age",PS4,$3.74,75,$14.99,4.21,8449
"Broken Age","PS Vita",$3.74,75,$14.99,4.29,545
"Burly Men at Sea - Original Soundtrack",PS4,$3.99,50,$7.99,,
"Call of Duty®: Advanced Warfare - Digital Pro Edition",PS4,$34.99,65,$99.99,4.48,1293
"Call of Duty®: Advanced Warfare - Digital Pro Edition",PS3,$22.49,75,$89.99,4.64,838
"Call of Duty®: Advanced Warfare Gold Edition ",PS3,$12.49,75,$49.99,4.44,807
"Call of Duty®: Advanced Warfare - Season Pass",PS3,$24.99,50,$49.99,4.41,2829
"Call of Duty®: Black Ops 4 - Black Ops Pass",PS4,$44.99,10,$49.99,4.36,974
"Call of Duty®: Black Ops 4 + Destiny 2: Forsaken + Overwatch®",PS4,$79.99,50,$159.99,,
"Call of Duty®: Ghosts Season Pass",PS4,$29.99,40,$49.99,4.43,6324
"Call of Duty®: Infinite Warfare - Legacy Edition",PS4,$47.99,40,$79.99,4.23,4008
"Capcom Beat 'Em Up Bundle",PS4,$15.99,20,$19.99,4.79,95
"Carnival Games®",PS4,$25.99,35,$39.99,2,1
"Castlevania Requiem: Symphony of the Night & Rondo of Blood",PS4,$14.99,25,$19.99,4.86,917
"Chess Ultra",PS4,$6.49,50,$12.99,4.07,166
"Child of Light™",PS4,$5.99,60,$14.99,4.74,14381
"Children of Zodiarcs",PS4,$8.99,50,$17.99,4.41,82
"Claire: Extended Cut",PS4,$2.99,80,$14.99,4.02,476
"Cluster Tumble",PS4,$3.99,60,$9.99,,
"Code: Realize ~Future Blessings~","PS Vita",$15.99,60,$39.99,,
"Coffin Dodgers",PS4,$2.39,80,$11.99,3.55,226
"Comet Crash™ 2: The Kronkoid Wars",PS4,$4.49,70,$14.99,4.48,60
"Crayola Scoot",PS4,$15.99,60,$39.99,5,1
"Croixleur Sigma","PS Vita",$7.49,50,$14.99,4.58,113
"Danganronpa Another Episode: Ultra Despair Girls",PS4,$11.99,60,$29.99,4.66,133
"Danger Zone 2",PS4,$9.99,50,$19.99,3.33,9
"Darkest Dungeon®","PS Vita",$8.24,67,$24.99,4.72,458
"Darkest Dungeon®: Crimson edition","PS Vita",$9.89,67,$29.99,4.8,5
"Darkest Dungeon®: The Crimson Court","PS Vita",$4.99,50,$9.99,4.5,2
"Darkest Dungeon®: The Shieldbreaker","PS Vita",$1.99,50,$3.99,5,1
"DARK SOULS™ II: Scholar of the First Sin",PS4,$9.99,75,$39.99,4.74,10382
"Day of the Tentacle Remastered","PS Vita",$4.49,70,$14.99,4.41,293
DEADBOLT,"PS Vita",$3.99,60,$9.99,4,1
DEADBOLT,PS4,$3.99,60,$9.99,4.44,52
"Dear Esther: Landmark Edition",PS4,$1.99,80,$9.99,3.59,459
"Deemo: The Last Recital","PS Vita",$4.49,70,$14.99,5,7
"Deer Simulator",PS4,$3.99,60,$9.99,2.79,85
"Deus Ex: Mankind Divided - Season Pass",PS4,$2.99,80,$14.99,,
"Deus Ex: Mankind Divided - System Rift",PS4,$2.99,75,$11.99,4.74,642
"Die for Valhalla! - Special Edition",PS4,$8.99,40,$14.99,,
"Dino Dini's Kick Off Revival","PS Vita",$1.99,80,$9.99,3,1
Discovery,PS4,$5.99,50,$11.99,2.84,153
"Dishonored®: Death of the Outsider™",PS4,$14.99,50,$29.99,4.58,334
"DOOM® VFR",PS4,$14.99,50,$29.99,4.11,350
"DOOM + Wolfenstein II Bundle",PS4,$27.99,60,$69.99,5,2
"DRAGON QUEST HEROES: The World Tree's Woe and the Blight Below",PS4,$19.99,50,$39.99,4.56,1619
"Drawful 2",PS4,$4.99,50,$9.99,4.38,164
"Drinkbox Vita Collection","PS Vita",$7.49,70,$24.99,4.97,35
"Drone Striker",PS4,$7.99,20,$9.99,4.33,3
"EA Family Bundle",PS4,$9.99,75,$39.99,3.36,22
"EA SPORTS™ 19 Bundle",PS4,$79.99,20,$99.99,,
"Enigmatis 3: The Shadow of Karkhala",PS4,$7.49,50,$14.99,4.64,11
"Euro Fishing: Bergsee",PS4,$5.49,50,$10.99,5,2
"Euro Fishing: Castle Edition",PS4,$12.49,50,$24.99,5,2
"Euro Fishing: Manor Farm Lake",PS4,$5.49,50,$10.99,4.55,11
"Euro Fishing: Urban Edition",PS4,$12.49,50,$24.99,5,1
"Euro Fishing: Waldsee",PS4,$5.49,50,$10.99,2.5,2
"Eventide 3: Legacy of Legends Deluxe",PS4,$9.99,50,$19.99,3,1
EVERSPACE™,PS4,$14.99,50,$29.99,4.63,63
"Everybody's Golf - Balata Country Club Course",PS4,$3.24,50,$6.49,4.52,21
"Everybody's Golf - Nam Rong Bay Country Club",PS4,$3.24,50,$6.49,4.51,41
"EVE: Valkyrie – Warzone",PS4,$14.99,50,$29.99,4.21,237
"Extinction: Deluxe Edition",PS4,$17.49,75,$69.99,1.8,15
"Extreme Exorcism",PS3,$1.19,80,$5.99,4.56,9
"Extreme Exorcism",PS4,$2.99,50,$5.99,3.94,72
"F1 2017",PS4,$16.79,72,$59.99,4.11,1742
"F1 2018",PS4,$29.99,50,$59.99,4.8,44
"Fallout 4: Game of the Year Edition",PS4,$29.99,50,$59.99,4.68,377
"Fallout 4 - Season Pass",PS4,$16.49,67,$49.99,4.56,811
"Farming Simulator 17",PS4,$9.99,75,$39.99,4.53,1759
"Fibbage: The Hilarious Bluffing Party Game",PS3,$3.49,50,$6.99,4.7,105
"FIFA 19 Champions Edition",PS4,$31.99,60,$79.99,,
"FIFA 19 - NHL® 19 Bundle",PS4,$43.99,45,$79.99,,
"FIFA 19 Ultimate Edition",PS4,$39.99,60,$99.99,,
"FIFA The Journey Trilogy",PS4,$38.49,45,$69.99,4.5,2
"Final Fantasy XII The Zodiac Age",PS4,$24.99,50,$49.99,4.86,2052
"FINAL FANTASY XV POCKET EDITION HD",PS4,$17.99,40,$29.99,4.07,55
Flockers,PS4,$6.24,75,$24.99,3.94,47
"Floor Plan",PS4,$2.99,50,$5.99,4.02,43
Flywrench,PS4,$0.69,90,$6.99,5,1
forma.8,"PS Vita",$1.99,80,$9.99,4.32,102
"Fortnite - Limited Edition Founder’s Pack",PS4,$74.99,50,$149.99,,
"Fortnite - Super Deluxe Founder’s Pack",PS4,$44.99,50,$89.99,,
"Frozen Synapse Prime",PS3,$1.99,90,$19.99,3.72,1248
"Frutakia 2",PS4,$1.59,60,$3.99,3.5,4
"Full Throttle Remastered","PS Vita",$8.24,45,$14.99,4.67,12
"Futuridium EP Deluxe","PS Vita",$1.99,80,$9.99,3.81,366
"Gaara's Tale Extra Scenario Pack",PS4,$4.99,50,$9.99,4.75,2128
"Globetrotter Bundle",PS4,$17.99,50,$35.99,5,1
"Goat Simulator: PAYDAY",PS4,$1.24,75,$4.99,4.34,1286
"Gravity Badgers","PS Vita",$0.19,90,$1.99,3.96,26
"Grim Fandango Remastered","PS Vita",$3.74,75,$14.99,4.59,792
Guacamelee!,"PS Vita",$5.99,60,$14.99,4.81,3897
"Guacamelee! - Costume Pack 1","PS Vita",$0.49,75,$1.99,4.85,134
"Guacamelee! - El Diablo's Domain (Challenge Level)",PS3,$0.74,75,$2.99,3.14,7
"HELLDIVERS™ A New Hell Edition","PS Vita",$7.99,60,$19.99,4.82,852
"HELLDIVERS™ A New Hell Edition",PS3,$7.99,60,$19.99,4.69,664
"HELLDIVERS™ SUPER-EARTH ULTIMATE EDITION",PS4,$15.99,60,$39.99,4.6,405
"HELLDIVERS™ SUPER-EARTH ULTIMATE EDITION","PS Vita",$15.99,60,$39.99,4.87,53
"Hitman GO: Definitive Edition","PS Vita",$1.99,75,$7.99,4.41,272
"Honor and Duty: Arcade Edition",PS4,$1.95,72,$6.99,3.24,201
Hover,PS4,$12.49,50,$24.99,4.18,17
Hue,"PS Vita",$2.99,80,$14.99,4.54,138
"Hunting Simulator",PS4,$7.99,80,$39.99,3.47,129
"I Hate Running Backwards",PS4,$10.04,33,$14.99,3.33,6
"inFAMOUS Second Son",PS4,$9.99,50,$19.99,4.67,48738
"Injustice: Gods Among Us Ultimate Edition",PS4,$4.99,75,$19.99,4.36,70481
"It's Quiz Time",PS4,$13.99,30,$19.99,2.5,4
"Jak 3",PS4,$5.99,60,$14.99,4.67,173
Journey™,PS4,$2.99,80,$14.99,4.78,30088
Journey™,PS3,$2.99,80,$14.99,4.84,17325
"Just Cause 3: Bavarium Sea Heist",PS4,$1.79,70,$5.99,4.7,1514
"Just Cause 3 - Combat Buggy",PS4,$0.59,70,$1.99,4.71,168
"Just Cause 3: Mech Land Assault",PS4,$3.59,70,$11.99,4.71,1663
"Just Cause 3: XXL Edition",PS4,$8.99,70,$29.99,4.92,13
"Just Dance 2017",PS4,$15.99,60,$39.99,4.44,272
"Just In Time Incorporated",PS4,$4.49,70,$14.99,4.22,36
Kholat,PS4,$2.99,85,$19.99,3.84,353
"Killing Floor 2",PS4,$6.89,77,$29.99,4.43,20907
"Killing Floor 2: Headshot FX Bundle 1",PS4,$4.79,40,$7.99,5,12
"King Oddball","PS Vita",$1.49,70,$4.99,4.49,73
"King Oddball",PS4,$1.49,70,$4.99,4.01,1142
-KLAUS-,PS4,$3.99,80,$19.99,4.62,98
Knack™,PS4,$3.99,80,$19.99,4.22,10146
"Labyrinth of Refrain: Coven of Dusk",PS4,$34.99,30,$49.99,4.88,17
"Lara Croft GO","PS Vita",$2.49,75,$9.99,4.53,79
"Layers of Fear + observer_ Bundle",PS4,$23.99,40,$39.99,5,1
"Legendary Fishing",PS4,$20.09,33,$29.99,5,2
"LEGO® Harry Potter™ Collection",PS4,$5.99,70,$19.99,4.6,582
"LEGO® Marvel Super Heroes 2 Deluxe Edition",PS4,$22.49,70,$74.99,4.47,47
"LEGO® Marvel Super Heroes Bundle",PS4,$17.99,70,$59.99,5,4
"LEGO® Movies Game Bundle",PS4,$14.99,70,$49.99,,
"LEGO® Star Wars™: The Force Awakens Deluxe Edition",PS4,$8.99,70,$29.99,4.24,837
"LEGO® The Hobbit™",PS4,$5.99,70,$19.99,4.47,2168
"LEGO® The Incredibles",PS4,$29.99,50,$59.99,4.06,86
"Letter Quest Remastered","PS Vita",$1.99,80,$9.99,4.05,239
"Life is Strange 2 - Episode 1",PS4,$3.99,50,$7.99,4.69,210
"LIMBO & INSIDE Bundle",PS4,$7.49,75,$29.99,4.88,118
"Little Nightmares",PS4,$7.99,60,$19.99,4.66,2705
"Lords of the Fallen",PS4,$2.99,85,$19.99,3.88,12120
"Madden NFL 19 - FIFA 19 Bundle",PS4,$43.99,45,$79.99,,
"Magicka 2: Special Edition",PS4,$3.99,80,$19.99,4.63,150
"Mass Effect™: Andromeda – Standard Recruit Edition",PS4,$7.49,75,$29.99,3.99,484
"METAL GEAR SOLID V: THE DEFINITIVE EXPERIENCE",PS4,$13.39,33,$19.99,4.81,1245
"METAL MAX Xeno",PS4,$27.99,30,$39.99,4.67,21
"METAL SLUG 3",PS4,$5.99,60,$14.99,4.64,2721
Minutes™,"PS Vita",$1.49,70,$4.99,4.46,24
"Mitsurugi Kamui Hikae",PS4,$5.99,50,$11.99,4.45,458
"MLB® The Show 16™  - Digital Deluxe",PS4,$29.99,50,$59.99,5,22
"MLB® The Show 16™ - MVP Edition",PS4,$14.99,50,$29.99,4.84,19
"MLB® The Show™ 18 All Star Edition",PS4,$19.49,35,$29.99,,
"MLB® The Show™ 18 Digital Deluxe Edition",PS4,$38.99,35,$59.99,4.71,360
Moss,PS4,$22.49,25,$29.99,4.8,557
"Moss Soundtrack",PS4,$4.99,50,$9.99,2.33,3
"Moss + Soundtrack Bundle",PS4,$26.24,25,$34.99,5,1
Mugsters,PS4,$7.49,50,$14.99,5,1
MUSYNX,"PS Vita",$8.99,70,$29.99,,
"MXGP - The Official Motocross Videogame",PS4,$7.49,75,$29.99,4.03,1440
"My Brother Rabbit",PS4,$11.99,20,$14.99,5,5
"My Brother Rabbit + OST Bundle",PS4,$13.59,20,$16.99,,
"My Brother Rabbit - Special Edition",PS4,$16.49,25,$21.99,,
"My Little Riding Champion",PS4,$14.99,50,$29.99,,
"My Memory of Us",PS4,$13.79,40,$22.99,5,4
"My Night Job",PS4,$1.99,75,$7.99,4.1,109
"Mystik Belle",PS4,$9.74,35,$14.99,4.2,49
"NBA 2K19 + NBA 2K Playgrounds 2 Bundle",PS4,$39.99,50,$79.99,,
"NBA 2K Playgrounds 2",PS4,$19.49,35,$29.99,4.12,41
"Need for Speed™ Payback - Deluxe Edition",PS4,$14.99,75,$59.99,4.89,174
Nefarious,PS4,$5.09,66,$14.99,3.17,6
Neonwall,PS4,$2.99,70,$9.99,4.5,2
"N.E.R.O.: Nothing Ever Remains Obscure",PS4,$2.99,80,$14.99,3.7,152
"New Gundam Breaker",PS4,$29.99,50,$59.99,3.28,29
"NHL® 19 99 Edition",PS4,$31.99,60,$79.99,1,1
"Nickelodeon Kart Racers",PS4,$29.99,25,$39.99,4.17,6
"NOBUNAGA'S AMBITION: Sphere of Influence",PS4,$23.99,60,$59.99,4.4,370
"No Time To Explain",PS4,$1.49,90,$14.99,4.38,80
"'n Verlore Verstand",PS4,$7.49,50,$14.99,2.33,3
"n Verlore Verstand - Deluxe Edition",PS4,$9.99,50,$19.99,,
"Obduction ®",PS4,$11.99,60,$29.99,3.93,149
observer,PS4,$11.99,60,$29.99,4.43,352
"Oddworld: New 'n' Tasty","PS Vita",$4.99,75,$19.99,4.62,253
"Oh...Sir! The Insult Simulator",PS4,$1.19,60,$2.99,4.14,128
OlliOlli,PS4,$3.24,75,$12.99,4.6,57
OlliOlli,PS3,$3.24,75,$12.99,4.53,660
"OlliOlli2: Welcome to Olliwood","PS Vita",$3.74,75,$14.99,4.23,1003
"Omega Quintet",PS4,$5.99,80,$29.99,4.53,1952
"Omega Strike ",PS4,$4.07,66,$11.99,4,6
"Overcooked: Gourmet Edition",PS4,$4.99,75,$19.99,4.74,62
"Overcooked Holiday Bundle",PS4,$4.99,75,$19.99,4.81,43
Overruled!,PS4,$3.74,75,$14.99,3.07,43
Oxenfree,PS4,$4.99,75,$19.99,4.62,1464
"Oxenfree Bundle: Game + Dynamic Theme",PS4,$5.49,75,$21.99,4.81,37
"Oxenfree Bundle: Game + Dynamic Theme + Avatars",PS4,$5.99,75,$23.99,4.96,27
"Palm Reading Premium",PS4,$3.59,60,$8.99,5,1
"Party Crashers",PS4,$9.74,35,$14.99,3.5,2
Penarium,PS4,$2.49,75,$9.99,3.99,111
"Penny-Punching Princess","PS Vita",$23.99,40,$39.99,5,1
"Pinball FX3 - Portal ® Pinball",PS4,$1.19,60,$2.99,4.27,15
"Pinball FX3 - Star Wars™ Pinball: Balance of the Force",PS4,$3.99,60,$9.99,4.54,13
"Pinball FX3 - Williams™ Pinball: Volume 1",PS4,$6.99,30,$9.99,4.8,5
"Pinball FX3 - Zen Classics",PS4,$2.99,70,$9.99,4.82,11
Pinstripe,PS4,$9.74,35,$14.99,4.05,19
"PixelJunk™ Shooter Ultimate",PS4,$2.99,80,$14.99,4.11,14293
"PixelJunk™ Shooter Ultimate","PS Vita",$2.99,80,$14.99,4.53,1031
Poi,PS4,$2.99,70,$9.99,4.61,28
Prey,PS4,$17.99,40,$29.99,4.51,1636
"Prismatic Solid",PS4,$4.99,50,$9.99,4.04,92
"Project CARS",PS4,$9.99,50,$19.99,4.1,21
"Project Root",PS4,$2.49,75,$9.99,3.57,406
"Psychedelica of the Ashen Hawk","PS Vita",$15.99,60,$39.99,,
"Psychedelica of the Black Butterfly","PS Vita",$15.99,60,$39.99,,
Psychonauts,PS4,$1.99,80,$9.99,4.72,1561
"Punch Club",PS4,$0.99,90,$9.99,3.91,95
"Pure Hold'em World Poker Championship",PS4,$7.99,60,$19.99,1.65,5138
"Pure Pool Snooker Bundle",PS4,$3.44,70,$11.49,5,1
"PvZ GW2 - Frosty Standard Edition",PS4,$3.99,80,$19.99,4.36,965
Quiplash,PS4,$4.99,50,$9.99,4.5,335
"Radial-G : Racing Revolved",PS4,$5.99,60,$14.99,3.71,21
"Rainbow Skies",PS3,$14.99,50,$29.99,5,3
"Rainbow Skies","PS Vita",$14.99,50,$29.99,,
"Raw Data",PS4,$15.99,60,$39.99,4.45,158
"Rayman® Legends",PS4,$19.99,50,$39.99,4.63,9626
"Regalia: Of Men and Monarchs - Royal Edition",PS4,$16.24,35,$24.99,4.27,22
"Remothered: Tormented Fathers",PS4,$14.99,50,$29.99,4.46,54
"Revenant Dogma","PS Vita",$10.49,30,$14.99,,
"Revenant Dogma",PS4,$10.49,30,$14.99,3.86,7
Reverie,"PS Vita",$7.79,40,$12.99,,
"Riddled Corpses EX",PS4,$7.19,40,$11.99,4.73,11
"Riddled Corpses EX","PS Vita",$7.19,40,$11.99,5,1
"RiftStar Raiders",PS4,$13.99,30,$19.99,1.67,3
"Rise of the Tomb Raider: 20 Year Celebration",PS4,$11.99,80,$59.99,4.68,2627
"Risk of Rain","PS Vita",$2.49,75,$9.99,4.83,458
"Road Rage",PS4,$5.99,80,$29.99,2.49,72
"Rocket League® - Hot Wheels® Triple Threat DLC Pack",PS4,$2.99,50,$5.99,4.04,106
"Rogue Aces","PS Vita",$3.89,70,$12.99,4,1
"Rogue Legacy","PS Vita",$4.24,75,$16.99,4.63,1365
"Rogue Legacy",PS3,$4.24,75,$16.99,4.59,1072
Roundabout,"PS Vita",$1.99,80,$9.99,4.4,10
Roundabout,PS4,$1.99,80,$9.99,4.09,512
"RTK13: Fame and Strategy Expansion Pack Bundle",PS4,$34.99,50,$69.99,3.54,26
Runbow,PS4,$8.99,40,$14.99,2.5,2
"SAMURAI SHODOWN VI™",PS4,$5.99,60,$14.99,4.55,243
"SAMURAI SHODOWN V SPECIAL",PS4,$5.99,60,$14.99,4.7,205
"Serial Cleaner",PS4,$2.99,80,$14.99,3.55,20
"Serial Cleaner + Official Soundtrack Bundle",PS4,$3.99,80,$19.99,,
"Shadow of the Tomb Raider",PS4,$29.99,50,$59.99,4.46,287
"Shadow of the Tomb Raider - Season Pass",PS4,$20.09,33,$29.99,4.48,378
"Shadow Tactics: Blades of the Shogun",PS4,$14.99,70,$49.99,4.33,331
"Shikamaru's Tale Extra Scenario Pack",PS4,$4.99,50,$9.99,4.73,2365
"SHINY - A Robotic Adventure",PS4,$2.99,80,$14.99,2.5,2
"Shovel Knight: Treasure Trove",PS3,$19.99,20,$24.99,4.92,450
"Shovel Knight: Treasure Trove","PS Vita",$19.99,20,$24.99,4.86,823
"Shovel Knight: Treasure Trove",PS4,$19.99,20,$24.99,4.81,7286
"Skullgirls 2nd Encore","PS Vita",$7.49,70,$24.99,4.83,263
"Skullgirls 2nd Encore",PS4,$7.49,70,$24.99,4.84,3373
Skyhill,PS4,$15.99,20,$19.99,5,1
"Slain: Back from Hell","PS Vita",$2.99,80,$14.99,4.59,39
"Slayaway Camp: Butcher's Cut - Deluxe Edition ",PS4,$3.74,85,$24.99,4,6
"Sleeping Dogs™ Definitive Edition",PS4,$4.49,85,$29.99,4.61,7439
"Slender: The Arrival",PS4,$1.49,85,$9.99,4.46,5139
"Sniper Ghost Warrior 3 Season Pass Edition ",PS4,$13.99,65,$39.99,3.72,777
"Soul Axiom",PS4,$2.39,80,$11.99,3.69,52
"South Park™: The Fractured but Whole™",PS4,$17.99,70,$59.99,4.41,805
"South Park™: The Stick of Truth™",PS4,$14.99,50,$29.99,4.71,273
"Starlink: Battle for Atlas Collection 1 Pack",PS4,$29.99,50,$59.99,3,2
"Star Ocean®: The Last Hope - 4K and Full HD Remaster",PS4,$10.49,50,$20.99,4.69,216
Statik,PS4,$7.99,60,$19.99,4.29,627
"Steel Rats™",PS4,$9.99,50,$19.99,5,3
"Steel Rats™ Deluxe Edition",PS4,$11.99,50,$23.99,5,1
"Stick it to the Man™",PS4,$1.59,80,$7.99,3.75,17825
"Strange Brigade Digital Deluxe Edition",PS4,$39.99,50,$79.99,5,15
"Styx: Master of Shadows",PS4,$7.49,75,$29.99,3.98,14239
"Styx: Master of Shadows + Styx: Shards of Darkness",PS4,$14.99,75,$59.99,4.5,14
"Sundered®: Eldritch Edition",PS4,$4.99,75,$19.99,4.23,378
"Super Blackjack Battle II - Turbo Edition - The Card Warriors",PS4,$5.59,30,$7.99,,
"Super Motherload",PS4,$2.99,80,$14.99,4.21,1987
"Surf World Series",PS4,$8.99,40,$14.99,4,30
"Sword Art Online: Lost Song",PS4,$14.99,75,$59.99,4.64,3527
"Taiko no Tatsujin: Drum Session!",PS4,$24.99,50,$49.99,5,20
"Tales From Space: Mutant Blobs Attack","PS Vita",$1.59,80,$7.99,4.71,6026
"Talisman: Digital Edition",PS4,$7.49,75,$29.99,4.42,131
Teslagrad,PS4,$1.49,90,$14.99,4.06,2036
"Tetris® Ultimate",PS4,$3.99,60,$9.99,4.1,3752
"That's You!",PS4,$4.99,50,$9.99,4.01,3225
"The Bridge","PS Vita",$1.89,81,$9.99,4.26,62
"The Crew® 2 Gold Edition",PS4,$39.99,60,$99.99,4.52,87
"The Elder Scrolls® Online: Collection",PS4,$39.99,50,$79.99,4.5,36
"The Elder Scrolls® Online: Summerset™",PS4,$19.99,50,$39.99,4.18,39
"The Elder Scrolls V: Skyrim® VR",PS4,$29.99,50,$59.99,4.6,957
"The Escapists",PS4,$4.99,75,$19.99,4.51,3880
"The Escapists 2",PS4,$9.99,50,$19.99,4.67,882
"The FMV Bundle",PS4,$17.99,50,$35.99,5,1
"The Gardens Between",PS4,$11.99,40,$19.99,4.68,19
"THE KING OF FIGHTERS 2000",PS4,$3.99,60,$9.99,4.62,1314
"THE KING OF FIGHTERS™ COLLECTION: THE OROCHI SAGA",PS4,$5.99,60,$14.99,4.32,25
"The King of Fighters XIV",PS4,$15.99,60,$39.99,4.74,1322
"The Longest Five Minutes","PS Vita",$23.99,40,$39.99,,
"The Long Journey Home",PS4,$31.99,20,$39.99,2.67,3
"The Path of Motus Deluxe Edition",PS4,$9.89,45,$17.99,,
"THE QUIET MAN™",PS4,$10.49,30,$14.99,2.71,17
"The Shapeshifting Detective",PS4,$9.09,30,$12.99,5,6
"The Sims™ 4 Deluxe Party Edition",PS4,$12.49,75,$49.99,4.79,580
"The Surge - Augmented Edition",PS4,$20.99,65,$59.99,4,6
"The Swindle","PS Vita",$2.99,80,$14.99,3.76,168
"The Witch and the Hundred Knight Wicked Bundle",PS4,$27.99,60,$69.99,5,3
"The Witcher 3: Wild Hunt – Hearts of Stone",PS4,$4.99,50,$9.99,4.86,6829
"Time Recoil","PS Vita",$4.19,70,$13.99,4,1
"Time Recoil",PS4,$4.19,70,$13.99,4.67,3
"Tiny Brains",PS4,$1.99,80,$9.99,4.03,1151
"Tom Clancy's Rainbow Six® Siege Complete Edition",PS4,$38.99,70,$129.99,,
Toro,PS4,$0.89,70,$2.99,3.3,93
TorqueL,PS4,$4.99,50,$9.99,3.44,381
TorqueL,"PS Vita",$4.99,50,$9.99,3.95,66
"Touhou Genso Wanderer",PS4,$20.99,30,$29.99,5,5
"Touhou Genso Wanderer Reloaded",PS4,$24.99,50,$49.99,4.75,4
"Toukiden: Kiwami",PS4,$23.99,60,$59.99,4.7,1467
"Tour de France 2018",PS4,$19.99,60,$49.99,,
"Tricky Towers",PS4,$4.49,70,$14.99,3.83,6140
"UbiArt Game Bundle",PS4,$17.99,55,$39.99,4.96,25
"Uncanny Valley",PS4,$2.59,80,$12.99,3.86,1251
"Uncanny Valley","PS Vita",$2.59,80,$12.99,4.61,107
"UNCHARTED The Nathan Drake Collection",PS4,$15.99,20,$19.99,4.66,23356
"Unearthing Mars 2: The Ancient War",PS4,$15.99,20,$19.99,3.42,12
"Utawarerumono: Mask of Deception",PS4,$14.99,50,$29.99,4.26,34
"Utawarerumono: Mask of Deception and Truth Bundle","PS Vita",$24.99,50,$49.99,,
"Valiant Hearts: The Great War™",PS4,$6.74,55,$14.99,4.64,31673
"Valthirian Arc: Hero School Story",PS4,$12.74,15,$14.99,3.8,15
"V-Rally 4",PS4,$35.99,40,$59.99,3.8,5
"V-Rally 4 Season Pass",PS4,$16.24,35,$24.99,1.5,2
"V-Rally 4 Ultimate Edition ",PS4,$50.39,37,$79.99,5,3
"Waking Violet","PS Vita",$4.19,40,$6.99,,
"Wales Interactive VR Bundle",PS4,$11.99,60,$29.99,5,2
"Warface: Collector's Starter Pack",PS4,$52.49,30,$74.99,,
"Warface: Engineer Starter pack",PS4,$17.49,30,$24.99,,
"Warface: Medic Starter pack",PS4,$17.49,30,$24.99,,
"Warface: Rifleman Starter pack",PS4,$17.49,30,$24.99,,
"Warface: Sniper Starter pack",PS4,$17.49,30,$24.99,,
"Warface: Winter Holidays Pack",PS4,$11.99,20,$14.99,,
"Warhammer 40,000: Inquisitor - Martyr",PS4,$35.99,40,$59.99,4.2,70
"Warhammer 40,000: Inquisitor - Martyr | Deluxe edition",PS4,$40.94,37,$64.99,5,3
"WARRIORS OROCHI 4",PS4,$47.99,20,$59.99,4.44,16
"WARRIORS OROCHI 4 Deluxe Edition",PS4,$71.99,20,$89.99,5,5
"WARRIORS OROCHI 4: Season Pass",PS4,$23.99,20,$29.99,4.74,35
"Watch Dogs 2 - Gold Edition",PS4,$29.99,70,$99.99,4.76,706
"Wheel of Fortune®",PS4,$12.99,35,$19.99,3.91,82
"Wizard of Legend",PS4,$11.19,30,$15.99,4.63,86
"Wolfenstein® II: The New Colossus™",PS4,$19.79,67,$59.99,4.49,736
"World of Tanks - Rival Team Up Mega",PS4,$49.19,40,$81.99,,
"World of Tanks - War Storyteller VI Mega",PS4,$38.39,40,$63.99,,
"World to the West",PS4,$24.99,0,,5,4
"Xenon Valkyrie+","PS Vita",$4.99,50,$9.99,5,2
"X-Morph: Defense",PS4,$7.99,60,$19.99,4.34,32
"X-Morph: Defense Digital Deluxe Edition",PS4,$9.99,60,$24.99,3,1
"X-Morph: Defense Last Bastion",PS4,$1.99,60,$4.99,5,1
"Yakuza Kiwami 2",PS4,$34.99,30,$49.99,4.97,123
"Yu-Gi-Oh! Legacy of the Duelist",PS4,$7.99,60,$19.99,4.68,2211
"Zeus Quest Remastered",PS4,$3.59,60,$8.99,5,2
ZOMBI,PS4,$6.99,65,$19.99,4.18,20378
